source,country,year,boundary,current_import_musd,current_export_musd,constant_import_m1913usd,constant_export_m1913usd
argentina_1820_1938_FTWTHD_201710_v01,Argentina,1800,1913,,,,
argentina_1820_1938_FTWTHD_201710_v01,Argentina,1810,1913,,,,
argentina_1820_1938_FTWTHD_201710_v01,Argentina,1820,1913,4.576943005181346,3.7506645018228104,2.3999559705044167,5.1072905125058137
argentina_1820_1938_FTWTHD_201710_v01,Argentina,1830,1913,7.1247865890220305,6.5877055993554521,5.2543238415741333,8.7790235994413077
argentina_1820_1938_FTWTHD_201710_v01,Argentina,1840,1913,2.5558433734939747,3.9590347519240798,1.2053453105872356,4.7318302500448928
argentina_1820_1938_FTWTHD_201710_v01,Argentina,1850,1913,8.8574976830398473,13.720379545129605,7.9081116008973522,22.725319927698649
argentina_1820_1938_FTWTHD_201710_v01,Argentina,1860,1913,19.743113994439291,30.582341322555237,13.894651824809007,35.849221312587083
argentina_1820_1938_FTWTHD_201710_v01,Argentina,1870,1913,47.39,46.739049945791962,38.83242137733594,57.472524364275699
argentina_1820_1938_FTWTHD_201710_v01,Argentina,1880,1913,43.93,64.735215827987886,39.71369957631974,66.28504424339377
argentina_1820_1938_FTWTHD_201710_v01,Argentina,1890,1913,137.22999999999999,103.45527371121969,133.0174802812538,126.3665154205502
argentina_1820_1938_FTWTHD_201710_v01,Argentina,1900,1913,111.79,170.50278217019317,110.42616795640542,219.25800911463037
argentina_1820_1938_FTWTHD_201710_v01,Argentina,1910,1913,364.2,416.01962027082129,416.4520120866012,417.22952157903495
argentina_1820_1938_FTWTHD_201710_v01,Argentina,1920,1913,836.59,1028.94125276969,422.69938247883778,583.27735201056623
argentina_1820_1938_FTWTHD_201710_v01,Argentina,1930,1913,613.12,561.02641276768281,660.06357966408643,460.10505105154914
argentina_1820_1938_FTWTHD_201710_v01,Argentina,1800,current,,,,
argentina_1820_1938_FTWTHD_201710_v01,Argentina,1810,current,,,,
argentina_1820_1938_FTWTHD_201710_v01,Argentina,1820,current,4.576943005181346,3.7506645018228104,2.3999559705044167,5.1072905125058137
argentina_1820_1938_FTWTHD_201710_v01,Argentina,1830,current,7.1247865890220305,6.5877055993554521,5.2543238415741333,8.7790235994413077
argentina_1820_1938_FTWTHD_201710_v01,Argentina,1840,current,2.5558433734939747,3.9590347519240798,1.2053453105872356,4.7318302500448928
argentina_1820_1938_FTWTHD_201710_v01,Argentina,1850,current,8.8574976830398473,13.720379545129605,7.9081116008973522,22.725319927698649
argentina_1820_1938_FTWTHD_201710_v01,Argentina,1860,current,19.743113994439291,30.582341322555237,13.894651824809007,35.849221312587083
argentina_1820_1938_FTWTHD_201710_v01,Argentina,1870,current,47.39,46.739049945791962,38.83242137733594,57.472524364275699
argentina_1820_1938_FTWTHD_201710_v01,Argentina,1880,current,43.93,64.735215827987886,39.71369957631974,66.28504424339377
argentina_1820_1938_FTWTHD_201710_v01,Argentina,1890,current,137.22999999999999,103.45527371121969,133.0174802812538,126.3665154205502
argentina_1820_1938_FTWTHD_201710_v01,Argentina,1900,current,111.79,170.50278217019317,110.42616795640542,219.25800911463037
argentina_1820_1938_FTWTHD_201710_v01,Argentina,1910,current,364.2,416.01962027082129,416.4520120866012,417.22952157903495
argentina_1820_1938_FTWTHD_201710_v01,Argentina,1920,current,836.59,1028.94125276969,422.69938247883778,583.27735201056623
argentina_1820_1938_FTWTHD_201710_v01,Argentina,1930,current,613.12,561.02641276768281,660.06357966408643,460.10505105154914
australia_1826_1938_FTWTHD_201710_v01,Australia,1800,1913,,,,
australia_1826_1938_FTWTHD_201710_v01,Australia,1810,1913,,,,
australia_1826_1938_FTWTHD_201710_v01,Australia,1820,1913,,,,
australia_1826_1938_FTWTHD_201710_v01,Australia,1830,1913,3.3605599999999995,0.96016000000000001,2.7482811611922209,1.9773451379456379
australia_1826_1938_FTWTHD_201710_v01,Australia,1840,1913,17.315999999999999,7.2149999999999999,13.002436451056804,10.701517804201426
australia_1826_1938_FTWTHD_201710_v01,Australia,1850,1913,14.8809,13.392810000000001,14.905335668606694,17.983105933732247
australia_1826_1938_FTWTHD_201710_v01,Australia,1860,1913,93.736249999999998,73.617250000000013,72.900025971609196,65.317096416933211
australia_1826_1938_FTWTHD_201710_v01,Australia,1870,1913,81.527674999999988,82.350725000000011,74.926605939500419,87.470408731708673
australia_1826_1938_FTWTHD_201710_v01,Australia,1880,1913,109.866542,130.556318,107.25048727272723,128.89563987915412
australia_1826_1938_FTWTHD_201710_v01,Australia,1890,1913,170.56394900000001,142.19320400000001,177.49104047030434,165.2153015798132
australia_1826_1938_FTWTHD_201710_v01,Australia,1900,1913,200.05028700000003,222.13846800000002,223.5029558322579,287.726842924138
australia_1826_1938_FTWTHD_201710_v01,Australia,1910,1913,276.72858394160585,339.9966,296.76438864963501,362.58155690544407
australia_1826_1938_FTWTHD_201710_v01,Australia,1920,1913,445.0917,471.13906174174093,252.07437042056068,378.76788105891791
australia_1826_1938_FTWTHD_201710_v01,Australia,1930,1913,416.07208499999996,456.89702023098494,314.97202578947349,456.4271451555814
australia_1826_1938_FTWTHD_201710_v01,Australia,1800,current,,,,
australia_1826_1938_FTWTHD_201710_v01,Australia,1810,current,,,,
australia_1826_1938_FTWTHD_201710_v01,Australia,1820,current,,,,
australia_1826_1938_FTWTHD_201710_v01,Australia,1830,current,3.3605599999999995,0.96016000000000001,2.7482811611922209,1.9773451379456379
australia_1826_1938_FTWTHD_201710_v01,Australia,1840,current,17.315999999999999,7.2149999999999999,13.002436451056804,10.701517804201426
australia_1826_1938_FTWTHD_201710_v01,Australia,1850,current,14.8809,13.392810000000001,14.905335668606694,17.983105933732247
australia_1826_1938_FTWTHD_201710_v01,Australia,1860,current,93.736249999999998,73.617250000000013,72.900025971609196,65.317096416933211
australia_1826_1938_FTWTHD_201710_v01,Australia,1870,current,81.527674999999988,82.350725000000011,74.926605939500419,87.470408731708673
australia_1826_1938_FTWTHD_201710_v01,Australia,1880,current,109.866542,130.556318,107.25048727272723,128.89563987915412
australia_1826_1938_FTWTHD_201710_v01,Australia,1890,current,170.56394900000001,142.19320400000001,177.49104047030434,165.2153015798132
australia_1826_1938_FTWTHD_201710_v01,Australia,1900,current,200.05028700000003,222.13846800000002,223.5029558322579,287.726842924138
australia_1826_1938_FTWTHD_201710_v01,Australia,1910,current,276.72858394160585,339.9966,296.76438864963501,362.58155690544407
australia_1826_1938_FTWTHD_201710_v01,Australia,1920,current,445.0917,471.13906174174093,252.07437042056068,378.76788105891791
australia_1826_1938_FTWTHD_201710_v01,Australia,1930,current,416.07208499999996,456.89702023098494,314.97202578947349,456.4271451555814
austria_hungary_1830_1918_FTWTHD_201710_v01,Austria-Hungary,1800,1913,,,,
austria_hungary_1830_1918_FTWTHD_201710_v01,Austria-Hungary,1810,1913,,,,
austria_hungary_1830_1918_FTWTHD_201710_v01,Austria-Hungary,1820,1913,,,,
austria_hungary_1830_1918_FTWTHD_201710_v01,Austria-Hungary,1830,1913,30.580122218957321,64.522095567854848,58.945827261090891,32.094221826682357
austria_hungary_1830_1918_FTWTHD_201710_v01,Austria-Hungary,1840,1913,55.272408665610875,82.825282211420017,102.92792584862308,32.339669912935342
austria_hungary_1830_1918_FTWTHD_201710_v01,Austria-Hungary,1850,1913,70.336705237270579,48.114924170737368,159.22856331123768,29.243347192052838
austria_hungary_1830_1918_FTWTHD_201710_v01,Austria-Hungary,1860,1913,124.94344297539223,131.72865905970792,169.53310454785245,98.483162062437756
austria_hungary_1830_1918_FTWTHD_201710_v01,Austria-Hungary,1870,1913,185.58671624356148,177.74651897311836,236.61431647724399,167.10560167158823
austria_hungary_1830_1918_FTWTHD_201710_v01,Austria-Hungary,1880,1913,260.82665377830062,287.41395621597553,310.930113603206,275.16614909006853
austria_hungary_1830_1918_FTWTHD_201710_v01,Austria-Hungary,1890,1913,257.63912777920302,325.43445745681544,328.29066529612913,410.7384831418882
austria_hungary_1830_1918_FTWTHD_201710_v01,Austria-Hungary,1900,1913,356.6238046206953,420.39252925468651,430.74987682076085,521.09685197186741
austria_hungary_1830_1918_FTWTHD_201710_v01,Austria-Hungary,1910,1913,592.20618679857012,523.0565017873472,613.59200251114828,512.17685642973788
austria_hungary_1830_1918_FTWTHD_201710_v01,Austria-Hungary,1920,1913,,,,
austria_hungary_1830_1918_FTWTHD_201710_v01,Austria-Hungary,1930,1913,,,,
austria_hungary_1830_1918_FTWTHD_201710_v01,Austria-Hungary,1800,current,,,,
austria_hungary_1830_1918_FTWTHD_201710_v01,Austria-Hungary,1810,current,,,,
austria_hungary_1830_1918_FTWTHD_201710_v01,Austria-Hungary,1820,current,,,,
austria_hungary_1830_1918_FTWTHD_201710_v01,Austria-Hungary,1830,current,30.580122218957321,64.522095567854848,58.945827261090891,32.094221826682357
austria_hungary_1830_1918_FTWTHD_201710_v01,Austria-Hungary,1840,current,55.272408665610875,82.825282211420017,102.92792584862308,32.339669912935342
austria_hungary_1830_1918_FTWTHD_201710_v01,Austria-Hungary,1850,current,70.336705237270579,48.114924170737368,159.22856331123768,29.243347192052838
austria_hungary_1830_1918_FTWTHD_201710_v01,Austria-Hungary,1860,current,124.94344297539223,131.72865905970792,169.53310454785245,98.483162062437756
austria_hungary_1830_1918_FTWTHD_201710_v01,Austria-Hungary,1870,current,185.58671624356148,177.74651897311836,236.61431647724399,167.10560167158823
austria_hungary_1830_1918_FTWTHD_201710_v01,Austria-Hungary,1880,current,260.82665377830062,287.41395621597553,310.930113603206,275.16614909006853
austria_hungary_1830_1918_FTWTHD_201710_v01,Austria-Hungary,1890,current,257.63912777920302,325.43445745681544,328.29066529612913,410.7384831418882
austria_hungary_1830_1918_FTWTHD_201710_v01,Austria-Hungary,1900,current,356.6238046206953,420.39252925468651,430.74987682076085,521.09685197186741
austria_hungary_1830_1918_FTWTHD_201710_v01,Austria-Hungary,1910,current,592.20618679857012,523.0565017873472,613.59200251114828,512.17685642973788
austria_hungary_1830_1918_FTWTHD_201710_v01,Austria-Hungary,1920,current,,,,
austria_hungary_1830_1918_FTWTHD_201710_v01,Austria-Hungary,1930,current,,,,
belgium_1830_1938_FTWTHD_201710_v01,Belgium,1800,1913,,,,
belgium_1830_1938_FTWTHD_201710_v01,Belgium,1810,1913,,,,
belgium_1830_1938_FTWTHD_201710_v01,Belgium,1820,1913,,,,
belgium_1830_1938_FTWTHD_201710_v01,Belgium,1830,1913,17.20052649366766,16.710263766465541,15.390558282422317,11.70167058323605
belgium_1830_1938_FTWTHD_201710_v01,Belgium,1840,1913,41.783817557013435,25.382692908466105,32.794847049761259,18.889195597537924
belgium_1830_1938_FTWTHD_201710_v01,Belgium,1850,1913,42.294782996721182,40.160642570281126,36.329620983268462,36.469239024949466
belgium_1830_1938_FTWTHD_201710_v01,Belgium,1860,1913,91.461714349450673,86.442473927834484,69.713597021947606,71.255282402593579
belgium_1830_1938_FTWTHD_201710_v01,Belgium,1870,1913,170.60141306220922,119.28695885270072,137.46343074750229,96.877260589352943
belgium_1830_1938_FTWTHD_201710_v01,Belgium,1880,1913,261.66402263040192,169.72801467917964,197.55458761712472,134.28160830724983
belgium_1830_1938_FTWTHD_201710_v01,Belgium,1890,1913,250.18764073054788,209.77271415099784,239.57912215993258,207.03306461855931
belgium_1830_1938_FTWTHD_201710_v01,Belgium,1900,1913,309.92455020313406,247.82356355194426,323.23543858626971,247.61678189247741
belgium_1830_1938_FTWTHD_201710_v01,Belgium,1910,1913,500.38372985418266,333.07751343054491,512.14946769926564,324.669738191345
belgium_1830_1938_FTWTHD_201710_v01,Belgium,1920,1913,754.41316449999988,430.77850899999999,483.87127623120801,206.84604287996981
belgium_1830_1938_FTWTHD_201710_v01,Belgium,1930,1913,793.10619999999994,685.52019999999993,797.2878983355132,592.67188959007615
belgium_1830_1938_FTWTHD_201710_v01,Belgium,1800,current,,,,
belgium_1830_1938_FTWTHD_201710_v01,Belgium,1810,current,,,,
belgium_1830_1938_FTWTHD_201710_v01,Belgium,1820,current,,,,
belgium_1830_1938_FTWTHD_201710_v01,Belgium,1830,current,17.20052649366766,16.710263766465541,15.390558282422317,11.70167058323605
belgium_1830_1938_FTWTHD_201710_v01,Belgium,1840,current,41.783817557013435,25.382692908466105,32.794847049761259,18.889195597537924
belgium_1830_1938_FTWTHD_201710_v01,Belgium,1850,current,42.294782996721182,40.160642570281126,36.329620983268462,36.469239024949466
belgium_1830_1938_FTWTHD_201710_v01,Belgium,1860,current,91.461714349450673,86.442473927834484,69.713597021947606,71.255282402593579
belgium_1830_1938_FTWTHD_201710_v01,Belgium,1870,current,170.60141306220922,119.28695885270072,137.46343074750229,96.877260589352943
belgium_1830_1938_FTWTHD_201710_v01,Belgium,1880,current,261.66402263040192,169.72801467917964,197.55458761712472,134.28160830724983
belgium_1830_1938_FTWTHD_201710_v01,Belgium,1890,current,250.18764073054788,209.77271415099784,239.57912215993258,207.03306461855931
belgium_1830_1938_FTWTHD_201710_v01,Belgium,1900,current,309.92455020313406,247.82356355194426,323.23543858626971,247.61678189247741
belgium_1830_1938_FTWTHD_201710_v01,Belgium,1910,current,500.38372985418266,333.07751343054491,512.14946769926564,324.669738191345
belgium_1830_1938_FTWTHD_201710_v01,Belgium,1920,current,754.41316449999988,430.77850899999999,483.87127623120801,206.84604287996981
belgium_1830_1938_FTWTHD_201710_v01,Belgium,1930,current,793.10619999999994,685.52019999999993,797.2878983355132,592.67188959007615
brazil_1820_1938_FTWTHD_201710_v01,Brazil,1800,1913,,,,
brazil_1820_1938_FTWTHD_201710_v01,Brazil,1810,1913,,,,
brazil_1820_1938_FTWTHD_201710_v01,Brazil,1820,1913,20.669604899999996,15.526461472324453,,
brazil_1820_1938_FTWTHD_201710_v01,Brazil,1830,1913,19.079731199999998,22.268081369319145,,
brazil_1820_1938_FTWTHD_201710_v01,Brazil,1840,1913,35.887153099999999,43.602859272894754,,
brazil_1820_1938_FTWTHD_201710_v01,Brazil,1850,1913,37.970514299999998,50.802398705830598,,
brazil_1820_1938_FTWTHD_201710_v01,Brazil,1860,1913,60.858715000000011,75.613165698533408,,
brazil_1820_1938_FTWTHD_201710_v01,Brazil,1870,1913,68.181158000000011,96.631850220350429,,
brazil_1820_1938_FTWTHD_201710_v01,Brazil,1880,1913,77.470821749999999,115.52981379447903,,
brazil_1820_1938_FTWTHD_201710_v01,Brazil,1890,1913,116.7443495,145.38201507459084,,
brazil_1820_1938_FTWTHD_201710_v01,Brazil,1900,1913,104.15906679999999,157.61545852147032,,
brazil_1820_1938_FTWTHD_201710_v01,Brazil,1910,1913,232.80153600000003,289.59211041086695,,
brazil_1820_1938_FTWTHD_201710_v01,Brazil,1920,1913,323.43054000000001,301.38636000000002,,
brazil_1820_1938_FTWTHD_201710_v01,Brazil,1930,1913,260.58834000000002,319.52555999999998,,
brazil_1820_1938_FTWTHD_201710_v01,Brazil,1800,current,,,,
brazil_1820_1938_FTWTHD_201710_v01,Brazil,1810,current,,,,
brazil_1820_1938_FTWTHD_201710_v01,Brazil,1820,current,20.669604899999996,15.526461472324453,,
brazil_1820_1938_FTWTHD_201710_v01,Brazil,1830,current,19.079731199999998,22.268081369319145,,
brazil_1820_1938_FTWTHD_201710_v01,Brazil,1840,current,35.887153099999999,43.602859272894754,,
brazil_1820_1938_FTWTHD_201710_v01,Brazil,1850,current,37.970514299999998,50.802398705830598,,
brazil_1820_1938_FTWTHD_201710_v01,Brazil,1860,current,60.858715000000011,75.613165698533408,,
brazil_1820_1938_FTWTHD_201710_v01,Brazil,1870,current,68.181158000000011,96.631850220350429,,
brazil_1820_1938_FTWTHD_201710_v01,Brazil,1880,current,77.470821749999999,115.52981379447903,,
brazil_1820_1938_FTWTHD_201710_v01,Brazil,1890,current,116.7443495,145.38201507459084,,
brazil_1820_1938_FTWTHD_201710_v01,Brazil,1900,current,104.15906679999999,157.61545852147032,,
brazil_1820_1938_FTWTHD_201710_v01,Brazil,1910,current,232.80153600000003,289.59211041086695,,
brazil_1820_1938_FTWTHD_201710_v01,Brazil,1920,current,323.43054000000001,301.38636000000002,,
brazil_1820_1938_FTWTHD_201710_v01,Brazil,1930,current,260.58834000000002,319.52555999999998,,
kenya_uganda_1828_1938_FTWTHD_201710_v01,"British East Africa (Kenya, Uganda)",1800,1913,,,,
kenya_uganda_1828_1938_FTWTHD_201710_v01,"British East Africa (Kenya, Uganda)",1810,1913,,,,
kenya_uganda_1828_1938_FTWTHD_201710_v01,"British East Africa (Kenya, Uganda)",1820,1913,,,,
kenya_uganda_1828_1938_FTWTHD_201710_v01,"British East Africa (Kenya, Uganda)",1830,1913,,0.11981040254402502,,7.5691761431162657E-2
kenya_uganda_1828_1938_FTWTHD_201710_v01,"British East Africa (Kenya, Uganda)",1840,1913,,0.19155350152400999,,0.24916022818359806
kenya_uganda_1828_1938_FTWTHD_201710_v01,"British East Africa (Kenya, Uganda)",1850,1913,0.51422917703190407,0.20061462186145365,0.56324489978715131,0.13439841623773027
kenya_uganda_1828_1938_FTWTHD_201710_v01,"British East Africa (Kenya, Uganda)",1860,1913,1.3361248905280283,0.45043937177820648,1.7929729038944771,0.43017445911977908
kenya_uganda_1828_1938_FTWTHD_201710_v01,"British East Africa (Kenya, Uganda)",1870,1913,0.99883744098972704,0.41965393117225269,1.2503170001883921,0.38312432866379481
kenya_uganda_1828_1938_FTWTHD_201710_v01,"British East Africa (Kenya, Uganda)",1880,1913,1.0647009683697262,0.73461173568284277,1.1680749068425593,0.63146763464191868
kenya_uganda_1828_1938_FTWTHD_201710_v01,"British East Africa (Kenya, Uganda)",1890,1913,0.94382379670296868,0.42131984946495626,0.84800883518639425,0.311485954880726
kenya_uganda_1828_1938_FTWTHD_201710_v01,"British East Africa (Kenya, Uganda)",1900,1913,2.4984174799097065,0.38394960397372685,2.4787567945314186,0.2713842671166386
kenya_uganda_1828_1938_FTWTHD_201710_v01,"British East Africa (Kenya, Uganda)",1910,1913,7.5637059540000005,5.6867079089169073,6.5850502600009895,5.0588147965021069
kenya_uganda_1828_1938_FTWTHD_201710_v01,"British East Africa (Kenya, Uganda)",1920,1913,35.004240000000003,16.474419822185919,149.83261623026985,48.023537224784299
kenya_uganda_1828_1938_FTWTHD_201710_v01,"British East Africa (Kenya, Uganda)",1930,1913,38.602980000000002,26.560201320000001,36.497459334306953,21.469455491595301
kenya_uganda_1828_1938_FTWTHD_201710_v01,"British East Africa (Kenya, Uganda)",1800,current,,,,
kenya_uganda_1828_1938_FTWTHD_201710_v01,"British East Africa (Kenya, Uganda)",1810,current,,,,
kenya_uganda_1828_1938_FTWTHD_201710_v01,"British East Africa (Kenya, Uganda)",1820,current,,,,
kenya_uganda_1828_1938_FTWTHD_201710_v01,"British East Africa (Kenya, Uganda)",1830,current,,0.11981040254402502,,7.5691761431162657E-2
kenya_uganda_1828_1938_FTWTHD_201710_v01,"British East Africa (Kenya, Uganda)",1840,current,,0.19155350152400999,,0.24916022818359806
kenya_uganda_1828_1938_FTWTHD_201710_v01,"British East Africa (Kenya, Uganda)",1850,current,0.51422917703190407,0.20061462186145365,0.56324489978715131,0.13439841623773027
kenya_uganda_1828_1938_FTWTHD_201710_v01,"British East Africa (Kenya, Uganda)",1860,current,1.3361248905280283,0.45043937177820648,1.7929729038944771,0.43017445911977908
kenya_uganda_1828_1938_FTWTHD_201710_v01,"British East Africa (Kenya, Uganda)",1870,current,0.99883744098972704,0.41965393117225269,1.2503170001883921,0.38312432866379481
kenya_uganda_1828_1938_FTWTHD_201710_v01,"British East Africa (Kenya, Uganda)",1880,current,1.0647009683697262,0.73461173568284277,1.1680749068425593,0.63146763464191868
kenya_uganda_1828_1938_FTWTHD_201710_v01,"British East Africa (Kenya, Uganda)",1890,current,0.94382379670296868,0.42131984946495626,0.84800883518639425,0.311485954880726
kenya_uganda_1828_1938_FTWTHD_201710_v01,"British East Africa (Kenya, Uganda)",1900,current,2.4984174799097065,0.38394960397372685,2.4787567945314186,0.2713842671166386
kenya_uganda_1828_1938_FTWTHD_201710_v01,"British East Africa (Kenya, Uganda)",1910,current,7.5637059540000005,5.6867079089169073,6.5850502600009895,5.0588147965021069
kenya_uganda_1828_1938_FTWTHD_201710_v01,"British East Africa (Kenya, Uganda)",1920,current,35.004240000000003,16.474419822185919,149.83261623026985,48.023537224784299
kenya_uganda_1828_1938_FTWTHD_201710_v01,"British East Africa (Kenya, Uganda)",1930,current,38.602980000000002,26.560201320000001,36.497459334306953,21.469455491595301
british_malaya_1850_1938_FTWTHD_201710_v01,British Malaya,1800,1913,,,,
british_malaya_1850_1938_FTWTHD_201710_v01,British Malaya,1810,1913,,,,
british_malaya_1850_1938_FTWTHD_201710_v01,British Malaya,1820,1913,,,,
british_malaya_1850_1938_FTWTHD_201710_v01,British Malaya,1830,1913,,,,
british_malaya_1850_1938_FTWTHD_201710_v01,British Malaya,1840,1913,,,,
british_malaya_1850_1938_FTWTHD_201710_v01,British Malaya,1850,1913,16.440948560206735,10.864504881290047,,
british_malaya_1850_1938_FTWTHD_201710_v01,British Malaya,1860,1913,19.860905567731042,17.201786660112106,,
british_malaya_1850_1938_FTWTHD_201710_v01,British Malaya,1870,1913,31.247859947423926,19.599573668006354,,
british_malaya_1850_1938_FTWTHD_201710_v01,British Malaya,1880,1913,39.175739412319487,34.030938281211341,,
british_malaya_1850_1938_FTWTHD_201710_v01,British Malaya,1890,1913,67.489193026592034,51.638306759475682,,
british_malaya_1850_1938_FTWTHD_201710_v01,British Malaya,1900,1913,88.386643646292498,89.885903770827511,,
british_malaya_1850_1938_FTWTHD_201710_v01,British Malaya,1910,1913,107.4232112459181,114.1438824521438,,
british_malaya_1850_1938_FTWTHD_201710_v01,British Malaya,1920,1913,262.46464795545273,224.18222733757662,,
british_malaya_1850_1938_FTWTHD_201710_v01,British Malaya,1930,1913,255.64649344341913,224.58287032540068,,
british_malaya_1850_1938_FTWTHD_201710_v01,British Malaya,1800,current,,,,
british_malaya_1850_1938_FTWTHD_201710_v01,British Malaya,1810,current,,,,
british_malaya_1850_1938_FTWTHD_201710_v01,British Malaya,1820,current,,,,
british_malaya_1850_1938_FTWTHD_201710_v01,British Malaya,1830,current,,,,
british_malaya_1850_1938_FTWTHD_201710_v01,British Malaya,1840,current,,,,
british_malaya_1850_1938_FTWTHD_201710_v01,British Malaya,1850,current,16.440948560206735,10.864504881290047,,
british_malaya_1850_1938_FTWTHD_201710_v01,British Malaya,1860,current,19.860905567731042,17.201786660112106,,
british_malaya_1850_1938_FTWTHD_201710_v01,British Malaya,1870,current,31.247859947423926,19.599573668006354,,
british_malaya_1850_1938_FTWTHD_201710_v01,British Malaya,1880,current,39.175739412319487,34.030938281211341,,
british_malaya_1850_1938_FTWTHD_201710_v01,British Malaya,1890,current,67.489193026592034,51.638306759475682,,
british_malaya_1850_1938_FTWTHD_201710_v01,British Malaya,1900,current,88.386643646292498,89.885903770827511,,
british_malaya_1850_1938_FTWTHD_201710_v01,British Malaya,1910,current,107.4232112459181,114.1438824521438,,
british_malaya_1850_1938_FTWTHD_201710_v01,British Malaya,1920,current,262.46464795545273,224.18222733757662,,
british_malaya_1850_1938_FTWTHD_201710_v01,British Malaya,1930,current,255.64649344341913,224.58287032540068,,
canada_1816_1938_FTWTHD_201710_v01,Canada,1800,1913,,,,
canada_1816_1938_FTWTHD_201710_v01,Canada,1810,1913,,,,
canada_1816_1938_FTWTHD_201710_v01,Canada,1820,1913,,9.5882561339692387,,
canada_1816_1938_FTWTHD_201710_v01,Canada,1830,1913,16.355850674082813,11.048485588188671,,
canada_1816_1938_FTWTHD_201710_v01,Canada,1840,1913,22.681416909216352,17.523525028820824,,
canada_1816_1938_FTWTHD_201710_v01,Canada,1850,1913,25.064822681496,18.506102669105999,,
canada_1816_1938_FTWTHD_201710_v01,Canada,1860,1913,48.628159535731712,43.548938567154607,,
canada_1816_1938_FTWTHD_201710_v01,Canada,1870,1913,67,58.5,,
canada_1816_1938_FTWTHD_201710_v01,Canada,1880,1913,67,78.5,,
canada_1816_1938_FTWTHD_201710_v01,Canada,1890,1913,103,87,,
canada_1816_1938_FTWTHD_201710_v01,Canada,1900,1913,159.93602558976411,172.93082766893244,,
canada_1816_1938_FTWTHD_201710_v01,Canada,1910,1913,371.60135945621755,277.63894442223113,,
canada_1816_1938_FTWTHD_201710_v01,Canada,1920,1913,1128.1829952524815,1094.5187742770825,,
canada_1816_1938_FTWTHD_201710_v01,Canada,1930,1913,976.02397602397616,867.1328671328672,,
canada_1816_1938_FTWTHD_201710_v01,Canada,1800,current,,,,
canada_1816_1938_FTWTHD_201710_v01,Canada,1810,current,,,,
canada_1816_1938_FTWTHD_201710_v01,Canada,1820,current,,9.5882561339692387,,
canada_1816_1938_FTWTHD_201710_v01,Canada,1830,current,16.355850674082813,11.048485588188671,,
canada_1816_1938_FTWTHD_201710_v01,Canada,1840,current,22.681416909216352,17.523525028820824,,
canada_1816_1938_FTWTHD_201710_v01,Canada,1850,current,25.064822681496,18.506102669105999,,
canada_1816_1938_FTWTHD_201710_v01,Canada,1860,current,48.628159535731712,43.548938567154607,,
canada_1816_1938_FTWTHD_201710_v01,Canada,1870,current,67,58.5,,
canada_1816_1938_FTWTHD_201710_v01,Canada,1880,current,67,78.5,,
canada_1816_1938_FTWTHD_201710_v01,Canada,1890,current,103,87,,
canada_1816_1938_FTWTHD_201710_v01,Canada,1900,current,159.93602558976411,172.93082766893244,,
canada_1816_1938_FTWTHD_201710_v01,Canada,1910,current,371.60135945621755,277.63894442223113,,
canada_1816_1938_FTWTHD_201710_v01,Canada,1920,current,1128.1829952524815,1094.5187742770825,,
canada_1816_1938_FTWTHD_201710_v01,Canada,1930,current,976.02397602397616,867.1328671328672,,
ceylon_1825_1938_FTWTHD_201710_v01,Ceylon (Sri Lanka),1800,1913,,,,
ceylon_1825_1938_FTWTHD_201710_v01,Ceylon (Sri Lanka),1810,1913,,,,
ceylon_1825_1938_FTWTHD_201710_v01,Ceylon (Sri Lanka),1820,1913,,,,
ceylon_1825_1938_FTWTHD_201710_v01,Ceylon (Sri Lanka),1830,1913,1.113897554203692,0.90042627759438809,,2.5260224931840836
ceylon_1825_1938_FTWTHD_201710_v01,Ceylon (Sri Lanka),1840,1913,2.4551932304375854,1.5472224435431801,,1.5590193156625909
ceylon_1825_1938_FTWTHD_201710_v01,Ceylon (Sri Lanka),1850,1913,4.8516686941919991,4.5791663935919988,3.8838798929774221,9.5208282709300107
ceylon_1825_1938_FTWTHD_201710_v01,Ceylon (Sri Lanka),1860,1913,11.1092800640515,10.472639713551501,6.1536740862632193,17.362349127997359
ceylon_1825_1938_FTWTHD_201710_v01,Ceylon (Sri Lanka),1870,1913,19.213422901608503,17.569616886208504,14.254430738651408,29.540090639328394
ceylon_1825_1938_FTWTHD_201710_v01,Ceylon (Sri Lanka),1880,1913,18.41802899484,19.644893775340002,15.429270124002139,24.159846372726236
ceylon_1825_1938_FTWTHD_201710_v01,Ceylon (Sri Lanka),1890,1913,19.94501538083,17.65292995383,19.6278493137007,18.359259666399538
ceylon_1825_1938_FTWTHD_201710_v01,Ceylon (Sri Lanka),1900,1913,36.107167573475998,28.808871323075998,32.833979439697096,30.298237020284041
ceylon_1825_1938_FTWTHD_201710_v01,Ceylon (Sri Lanka),1910,1913,46.743638677065007,52.081141039065002,46.224334223084796,46.214743865090497
ceylon_1825_1938_FTWTHD_201710_v01,Ceylon (Sri Lanka),1920,1913,114.64863520512749,95.16973090512748,69.666448684023948,161.81627924033833
ceylon_1825_1938_FTWTHD_201710_v01,Ceylon (Sri Lanka),1930,1913,106.98138180000002,103.10731542000001,86.79948804653614,156.68637576326776
ceylon_1825_1938_FTWTHD_201710_v01,Ceylon (Sri Lanka),1800,current,,,,
ceylon_1825_1938_FTWTHD_201710_v01,Ceylon (Sri Lanka),1810,current,,,,
ceylon_1825_1938_FTWTHD_201710_v01,Ceylon (Sri Lanka),1820,current,,,,
ceylon_1825_1938_FTWTHD_201710_v01,Ceylon (Sri Lanka),1830,current,1.113897554203692,0.90042627759438809,,2.5260224931840836
ceylon_1825_1938_FTWTHD_201710_v01,Ceylon (Sri Lanka),1840,current,2.4551932304375854,1.5472224435431801,,1.5590193156625909
ceylon_1825_1938_FTWTHD_201710_v01,Ceylon (Sri Lanka),1850,current,4.8516686941919991,4.5791663935919988,3.8838798929774221,9.5208282709300107
ceylon_1825_1938_FTWTHD_201710_v01,Ceylon (Sri Lanka),1860,current,11.1092800640515,10.472639713551501,6.1536740862632193,17.362349127997359
ceylon_1825_1938_FTWTHD_201710_v01,Ceylon (Sri Lanka),1870,current,19.213422901608503,17.569616886208504,14.254430738651408,29.540090639328394
ceylon_1825_1938_FTWTHD_201710_v01,Ceylon (Sri Lanka),1880,current,18.41802899484,19.644893775340002,15.429270124002139,24.159846372726236
ceylon_1825_1938_FTWTHD_201710_v01,Ceylon (Sri Lanka),1890,current,19.94501538083,17.65292995383,19.6278493137007,18.359259666399538
ceylon_1825_1938_FTWTHD_201710_v01,Ceylon (Sri Lanka),1900,current,36.107167573475998,28.808871323075998,32.833979439697096,30.298237020284041
ceylon_1825_1938_FTWTHD_201710_v01,Ceylon (Sri Lanka),1910,current,46.743638677065007,52.081141039065002,46.224334223084796,46.214743865090497
ceylon_1825_1938_FTWTHD_201710_v01,Ceylon (Sri Lanka),1920,current,114.64863520512749,95.16973090512748,69.666448684023948,161.81627924033833
ceylon_1825_1938_FTWTHD_201710_v01,Ceylon (Sri Lanka),1930,current,106.98138180000002,103.10731542000001,86.79948804653614,156.68637576326776
china_1830_1938_FTWTHD_201710_v01,China,1800,1913,,,,
china_1830_1938_FTWTHD_201710_v01,China,1810,1913,,,,
china_1830_1938_FTWTHD_201710_v01,China,1820,1913,,,,
china_1830_1938_FTWTHD_201710_v01,China,1830,1913,,43.910227473748634,,
china_1830_1938_FTWTHD_201710_v01,China,1840,1913,,37.147572274045046,,
china_1830_1938_FTWTHD_201710_v01,China,1850,1913,36.252605024919418,49.39351112024768,,
china_1830_1938_FTWTHD_201710_v01,China,1860,1913,62.717826425884503,82.980791922812074,,
china_1830_1938_FTWTHD_201710_v01,China,1870,1913,89.817976896875024,104.02918393625002,,
china_1830_1938_FTWTHD_201710_v01,China,1880,1913,95.838239999999971,126.75023999999998,,
china_1830_1938_FTWTHD_201710_v01,China,1890,1913,139.19200000000001,128.48336000000003,,
china_1830_1938_FTWTHD_201710_v01,China,1900,1913,139.4025,134.04150000000001,,
china_1830_1938_FTWTHD_201710_v01,China,1910,1913,305.62752,255.07812000000001,,
china_1830_1938_FTWTHD_201710_v01,China,1920,1913,945.52355999999997,678.91735999999992,,
china_1830_1938_FTWTHD_201710_v01,China,1930,1913,602.56734000000006,427.04881999999998,,
china_1830_1938_FTWTHD_201710_v01,China,1800,current,,,,
china_1830_1938_FTWTHD_201710_v01,China,1810,current,,,,
china_1830_1938_FTWTHD_201710_v01,China,1820,current,,,,
china_1830_1938_FTWTHD_201710_v01,China,1830,current,,43.910227473748634,,
china_1830_1938_FTWTHD_201710_v01,China,1840,current,,37.147572274045046,,
china_1830_1938_FTWTHD_201710_v01,China,1850,current,36.252605024919418,49.39351112024768,,
china_1830_1938_FTWTHD_201710_v01,China,1860,current,62.717826425884503,82.980791922812074,,
china_1830_1938_FTWTHD_201710_v01,China,1870,current,89.817976896875024,104.02918393625002,,
china_1830_1938_FTWTHD_201710_v01,China,1880,current,95.838239999999971,126.75023999999998,,
china_1830_1938_FTWTHD_201710_v01,China,1890,current,139.19200000000001,128.48336000000003,,
china_1830_1938_FTWTHD_201710_v01,China,1900,current,139.4025,134.04150000000001,,
china_1830_1938_FTWTHD_201710_v01,China,1910,current,305.62752,255.07812000000001,,
china_1830_1938_FTWTHD_201710_v01,China,1920,current,945.52355999999997,678.91735999999992,,
china_1830_1938_FTWTHD_201710_v01,China,1930,current,602.56734000000006,427.04881999999998,,
dutch_east_indies_1822_1938_FTWTHD_201710_v01,Dutch East Indies (Indonesia),1800,1913,,,,
dutch_east_indies_1822_1938_FTWTHD_201710_v01,Dutch East Indies (Indonesia),1810,1913,,,,
dutch_east_indies_1822_1938_FTWTHD_201710_v01,Dutch East Indies (Indonesia),1820,1913,,,,
dutch_east_indies_1822_1938_FTWTHD_201710_v01,Dutch East Indies (Indonesia),1830,1913,5.2816644877638037,4.4956357844742216,,
dutch_east_indies_1822_1938_FTWTHD_201710_v01,Dutch East Indies (Indonesia),1840,1913,11.222303418485524,29.260610811833402,,
dutch_east_indies_1822_1938_FTWTHD_201710_v01,Dutch East Indies (Indonesia),1850,1913,10.440205402047102,23.899004369683404,,
dutch_east_indies_1822_1938_FTWTHD_201710_v01,Dutch East Indies (Indonesia),1860,1913,20.377845328794901,39.436267211695274,,
dutch_east_indies_1822_1938_FTWTHD_201710_v01,Dutch East Indies (Indonesia),1870,1913,20.187460342528915,43.978455571812169,,
dutch_east_indies_1822_1938_FTWTHD_201710_v01,Dutch East Indies (Indonesia),1880,1913,63.125199999999992,70.150400000000005,,
dutch_east_indies_1822_1938_FTWTHD_201710_v01,Dutch East Indies (Indonesia),1890,1913,58.680405783209522,70.251218148414409,,
dutch_east_indies_1822_1938_FTWTHD_201710_v01,Dutch East Indies (Indonesia),1900,1913,73.629087398946226,103.86397458070226,,
dutch_east_indies_1822_1938_FTWTHD_201710_v01,Dutch East Indies (Indonesia),1910,1913,130.95069430468905,181.74522036627087,,
dutch_east_indies_1822_1938_FTWTHD_201710_v01,Dutch East Indies (Indonesia),1920,1913,382.13971771697413,691.60672279311632,,
dutch_east_indies_1822_1938_FTWTHD_201710_v01,Dutch East Indies (Indonesia),1930,1913,358.14916237113403,469.97503221649481,,
dutch_east_indies_1822_1938_FTWTHD_201710_v01,Dutch East Indies (Indonesia),1800,current,,,,
dutch_east_indies_1822_1938_FTWTHD_201710_v01,Dutch East Indies (Indonesia),1810,current,,,,
dutch_east_indies_1822_1938_FTWTHD_201710_v01,Dutch East Indies (Indonesia),1820,current,,,,
dutch_east_indies_1822_1938_FTWTHD_201710_v01,Dutch East Indies (Indonesia),1830,current,5.2816644877638037,4.4956357844742216,,
dutch_east_indies_1822_1938_FTWTHD_201710_v01,Dutch East Indies (Indonesia),1840,current,11.222303418485524,29.260610811833402,,
dutch_east_indies_1822_1938_FTWTHD_201710_v01,Dutch East Indies (Indonesia),1850,current,10.440205402047102,23.899004369683404,,
dutch_east_indies_1822_1938_FTWTHD_201710_v01,Dutch East Indies (Indonesia),1860,current,20.377845328794901,39.436267211695274,,
dutch_east_indies_1822_1938_FTWTHD_201710_v01,Dutch East Indies (Indonesia),1870,current,20.187460342528915,43.978455571812169,,
dutch_east_indies_1822_1938_FTWTHD_201710_v01,Dutch East Indies (Indonesia),1880,current,63.125199999999992,70.150400000000005,,
dutch_east_indies_1822_1938_FTWTHD_201710_v01,Dutch East Indies (Indonesia),1890,current,58.680405783209522,70.251218148414409,,
dutch_east_indies_1822_1938_FTWTHD_201710_v01,Dutch East Indies (Indonesia),1900,current,73.629087398946226,103.86397458070226,,
dutch_east_indies_1822_1938_FTWTHD_201710_v01,Dutch East Indies (Indonesia),1910,current,130.95069430468905,181.74522036627087,,
dutch_east_indies_1822_1938_FTWTHD_201710_v01,Dutch East Indies (Indonesia),1920,current,382.13971771697413,691.60672279311632,,
dutch_east_indies_1822_1938_FTWTHD_201710_v01,Dutch East Indies (Indonesia),1930,current,358.14916237113403,469.97503221649481,,
egypt_1850_1938_FTWTHD_201710_v01,Egypt,1800,1913,,,,
egypt_1850_1938_FTWTHD_201710_v01,Egypt,1810,1913,,,,
egypt_1850_1938_FTWTHD_201710_v01,Egypt,1820,1913,,,,
egypt_1850_1938_FTWTHD_201710_v01,Egypt,1830,1913,,,,
egypt_1850_1938_FTWTHD_201710_v01,Egypt,1840,1913,,,,
egypt_1850_1938_FTWTHD_201710_v01,Egypt,1850,1913,7.7923199999999992,9.7403999999999993,7.0476132480907916,9.9180159205807357
egypt_1850_1938_FTWTHD_201710_v01,Egypt,1860,1913,12.608180000000001,12.123250000000001,8.2752558870561757,14.315908899643487
egypt_1850_1938_FTWTHD_201710_v01,Egypt,1870,1913,21.821850000000001,42.18891,15.6417746106669,37.841659795335175
egypt_1850_1938_FTWTHD_201710_v01,Egypt,1880,1913,36.818199999999997,62.978499999999997,35.01936677210913,73.828044498060038
egypt_1850_1938_FTWTHD_201710_v01,Egypt,1890,1913,39.370049999999999,58.326000000000001,43.495374285714277,86.345395641646491
egypt_1850_1938_FTWTHD_201710_v01,Egypt,1900,1913,68.112799999999993,82.708399999999997,79.972733208255164,122.91788783454986
egypt_1850_1938_FTWTHD_201710_v01,Egypt,1910,1913,116.712,141.02700000000002,131.42487194244603,132.584462
egypt_1850_1938_FTWTHD_201710_v01,Egypt,1920,1913,362.34000000000003,311.10000000000002,113.48755414156625,92.593936766862157
egypt_1850_1938_FTWTHD_201710_v01,Egypt,1930,1913,223.56000000000003,150.66000000000003,154.58620883002209,120.1086593220339
egypt_1850_1938_FTWTHD_201710_v01,Egypt,1800,current,,,,
egypt_1850_1938_FTWTHD_201710_v01,Egypt,1810,current,,,,
egypt_1850_1938_FTWTHD_201710_v01,Egypt,1820,current,,,,
egypt_1850_1938_FTWTHD_201710_v01,Egypt,1830,current,,,,
egypt_1850_1938_FTWTHD_201710_v01,Egypt,1840,current,,,,
egypt_1850_1938_FTWTHD_201710_v01,Egypt,1850,current,7.7923199999999992,9.7403999999999993,7.0476132480907916,9.9180159205807357
egypt_1850_1938_FTWTHD_201710_v01,Egypt,1860,current,12.608180000000001,12.123250000000001,8.2752558870561757,14.315908899643487
egypt_1850_1938_FTWTHD_201710_v01,Egypt,1870,current,21.821850000000001,42.18891,15.6417746106669,37.841659795335175
egypt_1850_1938_FTWTHD_201710_v01,Egypt,1880,current,36.818199999999997,62.978499999999997,35.01936677210913,73.828044498060038
egypt_1850_1938_FTWTHD_201710_v01,Egypt,1890,current,39.370049999999999,58.326000000000001,43.495374285714277,86.345395641646491
egypt_1850_1938_FTWTHD_201710_v01,Egypt,1900,current,68.112799999999993,82.708399999999997,79.972733208255164,122.91788783454986
egypt_1850_1938_FTWTHD_201710_v01,Egypt,1910,current,116.712,141.02700000000002,131.42487194244603,132.584462
egypt_1850_1938_FTWTHD_201710_v01,Egypt,1920,current,362.34000000000003,311.10000000000002,113.48755414156625,92.593936766862157
egypt_1850_1938_FTWTHD_201710_v01,Egypt,1930,current,223.56000000000003,150.66000000000003,154.58620883002209,120.1086593220339
france_1800_1938_FTWTHD_201710_v01,France,1800,1913,50.393376469335514,42.436527553124648,27.624178915566457,27.061066171726804
france_1800_1938_FTWTHD_201710_v01,France,1810,1913,45.675158675703344,49.313003171998304,25.749528769220728,29.052857758484688
france_1800_1938_FTWTHD_201710_v01,France,1820,1913,47.762156623182122,77.417465810113114,33.34418238228232,52.540290867114166
france_1800_1938_FTWTHD_201710_v01,France,1830,1913,105.88434231491817,82.529939921617014,95.386037722430771,78.698967281150473
france_1800_1938_FTWTHD_201710_v01,France,1840,1913,202.94020483706976,183.53230712341653,145.71241345328383,120.74124119293506
france_1800_1938_FTWTHD_201710_v01,France,1850,1913,152.2298348217814,205.53914486682999,149.57188357439301,160.7056139505581
france_1800_1938_FTWTHD_201710_v01,France,1860,1913,376.78403055743439,462.62549675725137,311.96030206111118,313.83798305817521
france_1800_1938_FTWTHD_201710_v01,France,1870,1913,564.70278445846725,560.89216652776133,503.46062692361312,488.54865665273115
france_1800_1938_FTWTHD_201710_v01,France,1880,1913,978.56459330143548,689.33971291866033,947.49155486922109,688.308464433935
france_1800_1938_FTWTHD_201710_v01,France,1890,1913,870.60826497446214,752.78594644791826,992.73374053800671,826.19438278158498
france_1800_1938_FTWTHD_201710_v01,France,1900,1913,937.94814154490143,835.23894422696799,1135.318789178993,957.72833276845415
france_1800_1938_FTWTHD_201710_v01,France,1910,1913,1420.5127214419565,1253.5981299383729,1465.1469063578993,1291.7249782839497
france_1800_1938_FTWTHD_201710_v01,France,1920,1913,3506.0264586000003,1899.7304744400001,1852.0488219584383,1129.5832221509395
france_1800_1938_FTWTHD_201710_v01,France,1930,1913,2058.4312,1679.1319999999998,2759.2949667555049,1743.0898204476728
france_1800_1938_FTWTHD_201710_v01,France,1800,current,50.393376469335514,42.436527553124648,27.624178915566457,27.061066171726804
france_1800_1938_FTWTHD_201710_v01,France,1810,current,45.675158675703344,49.313003171998304,25.749528769220728,29.052857758484688
france_1800_1938_FTWTHD_201710_v01,France,1820,current,47.762156623182122,77.417465810113114,33.34418238228232,52.540290867114166
france_1800_1938_FTWTHD_201710_v01,France,1830,current,105.88434231491817,82.529939921617014,95.386037722430771,78.698967281150473
france_1800_1938_FTWTHD_201710_v01,France,1840,current,202.94020483706976,183.53230712341653,145.71241345328383,120.74124119293506
france_1800_1938_FTWTHD_201710_v01,France,1850,current,152.2298348217814,205.53914486682999,149.57188357439301,160.7056139505581
france_1800_1938_FTWTHD_201710_v01,France,1860,current,376.78403055743439,462.62549675725137,311.96030206111118,313.83798305817521
france_1800_1938_FTWTHD_201710_v01,France,1870,current,564.70278445846725,560.89216652776133,503.46062692361312,488.54865665273115
france_1800_1938_FTWTHD_201710_v01,France,1880,current,978.56459330143548,689.33971291866033,947.49155486922109,688.308464433935
france_1800_1938_FTWTHD_201710_v01,France,1890,current,870.60826497446214,752.78594644791826,992.73374053800671,826.19438278158498
france_1800_1938_FTWTHD_201710_v01,France,1900,current,937.94814154490143,835.23894422696799,1135.318789178993,957.72833276845415
france_1800_1938_FTWTHD_201710_v01,France,1910,current,1420.5127214419565,1253.5981299383729,1465.1469063578993,1291.7249782839497
france_1800_1938_FTWTHD_201710_v01,France,1920,current,3506.0264586000003,1899.7304744400001,1852.0488219584383,1129.5832221509395
france_1800_1938_FTWTHD_201710_v01,France,1930,current,2058.4312,1679.1319999999998,2759.2949667555049,1743.0898204476728
indochina_1850_1938_FTWTHD_201710_v01,French Indochina,1800,1913,,,,
indochina_1850_1938_FTWTHD_201710_v01,French Indochina,1810,1913,,,,
indochina_1850_1938_FTWTHD_201710_v01,French Indochina,1820,1913,,,,
indochina_1850_1938_FTWTHD_201710_v01,French Indochina,1830,1913,,,,
indochina_1850_1938_FTWTHD_201710_v01,French Indochina,1840,1913,,,,
indochina_1850_1938_FTWTHD_201710_v01,French Indochina,1850,1913,5.9326693548538421,4.5781367881940573,5.6979005576685191,6.7525321618429794
indochina_1850_1938_FTWTHD_201710_v01,French Indochina,1860,1913,6.9788252077774411,7.95951232639454,6.510933493099599,7.7160503892271377
indochina_1850_1938_FTWTHD_201710_v01,French Indochina,1870,1913,7.9533973162280152,9.3224748723776756,7.4399780274354788,8.817052948747838
indochina_1850_1938_FTWTHD_201710_v01,French Indochina,1880,1913,7.4828325358851666,9.6678851674641155,8.3059690372515078,10.170336260163849
indochina_1850_1938_FTWTHD_201710_v01,French Indochina,1890,1913,10.581078274631498,10.387231382878804,13.098307322728367,11.014419034010876
indochina_1850_1938_FTWTHD_201710_v01,French Indochina,1900,1913,30.403764960365823,27.133638071384542,29.919670661026533,28.838875708680412
indochina_1850_1938_FTWTHD_201710_v01,French Indochina,1910,1913,36.898943260630176,48.103857968046668,42.149570534927527,53.571447354354568
indochina_1850_1938_FTWTHD_201710_v01,French Indochina,1920,1913,59.377299200000003,68.760032800000005,34.247044366731622,17.916524544885824
indochina_1850_1938_FTWTHD_201710_v01,French Indochina,1930,1913,70.991199999999992,72.049599999999998,95.066376007450231,51.238306635999898
indochina_1850_1938_FTWTHD_201710_v01,French Indochina,1800,current,,,,
indochina_1850_1938_FTWTHD_201710_v01,French Indochina,1810,current,,,,
indochina_1850_1938_FTWTHD_201710_v01,French Indochina,1820,current,,,,
indochina_1850_1938_FTWTHD_201710_v01,French Indochina,1830,current,,,,
indochina_1850_1938_FTWTHD_201710_v01,French Indochina,1840,current,,,,
indochina_1850_1938_FTWTHD_201710_v01,French Indochina,1850,current,5.9326693548538421,4.5781367881940573,5.6979005576685191,6.7525321618429794
indochina_1850_1938_FTWTHD_201710_v01,French Indochina,1860,current,6.9788252077774411,7.95951232639454,6.510933493099599,7.7160503892271377
indochina_1850_1938_FTWTHD_201710_v01,French Indochina,1870,current,7.9533973162280152,9.3224748723776756,7.4399780274354788,8.817052948747838
indochina_1850_1938_FTWTHD_201710_v01,French Indochina,1880,current,7.4828325358851666,9.6678851674641155,8.3059690372515078,10.170336260163849
indochina_1850_1938_FTWTHD_201710_v01,French Indochina,1890,current,10.581078274631498,10.387231382878804,13.098307322728367,11.014419034010876
indochina_1850_1938_FTWTHD_201710_v01,French Indochina,1900,current,30.403764960365823,27.133638071384542,29.919670661026533,28.838875708680412
indochina_1850_1938_FTWTHD_201710_v01,French Indochina,1910,current,36.898943260630176,48.103857968046668,42.149570534927527,53.571447354354568
indochina_1850_1938_FTWTHD_201710_v01,French Indochina,1920,current,59.377299200000003,68.760032800000005,34.247044366731622,17.916524544885824
indochina_1850_1938_FTWTHD_201710_v01,French Indochina,1930,current,70.991199999999992,72.049599999999998,95.066376007450231,51.238306635999898
french_africa_1830_1938_FTWTHD_201710_v01,French West Africa,1800,1913,,,,
french_africa_1830_1938_FTWTHD_201710_v01,French West Africa,1810,1913,,,,
french_africa_1830_1938_FTWTHD_201710_v01,French West Africa,1820,1913,,,,
french_africa_1830_1938_FTWTHD_201710_v01,French West Africa,1830,1913,,0.40055857462523348,,0.63530447723749173
french_africa_1830_1938_FTWTHD_201710_v01,French West Africa,1840,1913,,1.1928670828197687,,2.429633843435774
french_africa_1830_1938_FTWTHD_201710_v01,French West Africa,1850,1913,1.5396190626728836,0.76980953133644181,1.4612820367654609,1.1280717977508394
french_africa_1830_1938_FTWTHD_201710_v01,French West Africa,1860,1913,2.7577704571678665,2.4878396610034619,2.2377013147818348,2.2312729721905802
french_africa_1830_1938_FTWTHD_201710_v01,French West Africa,1870,1913,5.3416010437750527,3.4276315831249753,4.0911258782036031,3.4825285641565267
french_africa_1830_1938_FTWTHD_201710_v01,French West Africa,1880,1913,3.155406698564593,4.8514832535885173,2.6949070128028136,4.1293457593295653
french_africa_1830_1938_FTWTHD_201710_v01,French West Africa,1890,1913,2.9405277820770777,2.4214517876489707,2.3770106919181164,2.3910378095077229
french_africa_1830_1938_FTWTHD_201710_v01,French West Africa,1900,1913,13.383589783341733,11.782876632688655,15.739348452462602,11.260152877752093
french_africa_1830_1938_FTWTHD_201710_v01,French West Africa,1910,1913,29.570735853795174,24.1858083959585,31.317821875528846,17.499612405124921
french_africa_1830_1938_FTWTHD_201710_v01,French West Africa,1920,1913,46.894906524188919,41.925654479076705,21.543302407784633,21.853654758085671
french_africa_1830_1938_FTWTHD_201710_v01,French West Africa,1930,1913,61.091357599999995,49.0707168,60.832352934658708,30.291336331554231
french_africa_1830_1938_FTWTHD_201710_v01,French West Africa,1800,current,,,,
french_africa_1830_1938_FTWTHD_201710_v01,French West Africa,1810,current,,,,
french_africa_1830_1938_FTWTHD_201710_v01,French West Africa,1820,current,,,,
french_africa_1830_1938_FTWTHD_201710_v01,French West Africa,1830,current,,0.40055857462523348,,0.63530447723749173
french_africa_1830_1938_FTWTHD_201710_v01,French West Africa,1840,current,,1.1928670828197687,,2.429633843435774
french_africa_1830_1938_FTWTHD_201710_v01,French West Africa,1850,current,1.5396190626728836,0.76980953133644181,1.4612820367654609,1.1280717977508394
french_africa_1830_1938_FTWTHD_201710_v01,French West Africa,1860,current,2.7577704571678665,2.4878396610034619,2.2377013147818348,2.2312729721905802
french_africa_1830_1938_FTWTHD_201710_v01,French West Africa,1870,current,5.3416010437750527,3.4276315831249753,4.0911258782036031,3.4825285641565267
french_africa_1830_1938_FTWTHD_201710_v01,French West Africa,1880,current,3.155406698564593,4.8514832535885173,2.6949070128028136,4.1293457593295653
french_africa_1830_1938_FTWTHD_201710_v01,French West Africa,1890,current,2.9405277820770777,2.4214517876489707,2.3770106919181164,2.3910378095077229
french_africa_1830_1938_FTWTHD_201710_v01,French West Africa,1900,current,13.383589783341733,11.782876632688655,15.739348452462602,11.260152877752093
french_africa_1830_1938_FTWTHD_201710_v01,French West Africa,1910,current,29.570735853795174,24.1858083959585,31.317821875528846,17.499612405124921
french_africa_1830_1938_FTWTHD_201710_v01,French West Africa,1920,current,46.894906524188919,41.925654479076705,21.543302407784633,21.853654758085671
french_africa_1830_1938_FTWTHD_201710_v01,French West Africa,1930,current,61.091357599999995,49.0707168,60.832352934658708,30.291336331554231
germany_1800_1938_FTWTHD_201710_v01,Germany,1800,1913,,61.736401582254757,,34.263129555826197
germany_1800_1938_FTWTHD_201710_v01,Germany,1810,1913,,32.039146172018562,,22.691652260408166
germany_1800_1938_FTWTHD_201710_v01,Germany,1820,1913,,20.406952866601991,,17.101482722456051
germany_1800_1938_FTWTHD_201710_v01,Germany,1830,1913,,59.381293387286469,,55.502656156628753
germany_1800_1938_FTWTHD_201710_v01,Germany,1840,1913,111.40311497860867,101.80006444686639,123.57141246680287,93.041508759770991
germany_1800_1938_FTWTHD_201710_v01,Germany,1850,1913,120.20623997724122,126.76193304868507,154.92480349596801,119.36674094645875
germany_1800_1938_FTWTHD_201710_v01,Germany,1860,1913,264.60040521268991,284.70181680623648,238.22405122457491,211.88465361160547
germany_1800_1938_FTWTHD_201710_v01,Germany,1870,1913,394.70909344770723,432.46822562684531,381.15848195931994,346.85567417918554
germany_1800_1938_FTWTHD_201710_v01,Germany,1880,1913,607.55597511161784,651.15170513916598,593.65109174966642,505.14889315366372
germany_1800_1938_FTWTHD_201710_v01,Germany,1890,1913,1052.9866806953778,937.92582319041583,1191.6728197082195,842.5893563377125
germany_1800_1938_FTWTHD_201710_v01,Germany,1900,1913,1428.4482512491077,1219.5753033547464,1683.6443333329989,1194.6311051485363
germany_1800_1938_FTWTHD_201710_v01,Germany,1910,1913,2216.4590179549464,1819.1255893699101,2356.74193897227,1901.6609871634305
germany_1800_1938_FTWTHD_201710_v01,Germany,1920,1913,2051.4304257042504,1710.9981378266812,921.67839175344852,849.56325370029549
germany_1800_1938_FTWTHD_201710_v01,Germany,1930,1913,2414.0284403897931,2801.4977989481204,2246.8852179354135,2185.1240890363656
germany_1800_1938_FTWTHD_201710_v01,Germany,1800,current,,61.736401582254757,,34.263129555826197
germany_1800_1938_FTWTHD_201710_v01,Germany,1810,current,,32.039146172018562,,22.691652260408166
germany_1800_1938_FTWTHD_201710_v01,Germany,1820,current,,20.406952866601991,,17.101482722456051
germany_1800_1938_FTWTHD_201710_v01,Germany,1830,current,,59.381293387286469,,55.502656156628753
germany_1800_1938_FTWTHD_201710_v01,Germany,1840,current,111.40311497860867,101.80006444686639,123.57141246680287,93.041508759770991
germany_1800_1938_FTWTHD_201710_v01,Germany,1850,current,120.20623997724122,126.76193304868507,154.92480349596801,119.36674094645875
germany_1800_1938_FTWTHD_201710_v01,Germany,1860,current,264.60040521268991,284.70181680623648,238.22405122457491,211.88465361160547
germany_1800_1938_FTWTHD_201710_v01,Germany,1870,current,394.70909344770723,432.46822562684531,381.15848195931994,346.85567417918554
germany_1800_1938_FTWTHD_201710_v01,Germany,1880,current,607.55597511161784,651.15170513916598,593.65109174966642,505.14889315366372
germany_1800_1938_FTWTHD_201710_v01,Germany,1890,current,1052.9866806953778,937.92582319041583,1191.6728197082195,842.5893563377125
germany_1800_1938_FTWTHD_201710_v01,Germany,1900,current,1428.4482512491077,1219.5753033547464,1683.6443333329989,1194.6311051485363
germany_1800_1938_FTWTHD_201710_v01,Germany,1910,current,2216.4590179549464,1819.1255893699101,2356.74193897227,1901.6609871634305
germany_1800_1938_FTWTHD_201710_v01,Germany,1920,current,2082.0315369181703,1778.7168816692074,935.42703397699927,883.18769494511764
germany_1800_1938_FTWTHD_201710_v01,Germany,1930,current,2465.1317999999997,2866.9751999999999,2294.4502678635204,2236.1954289387841
india_1800_1938_FTWTHD_201710_v01,India,1800,1913,12.094798878824518,16.346907151351147,6.7253314779096538,16.489818855367613
india_1800_1938_FTWTHD_201710_v01,India,1810,1913,13.052155915554442,31.043787573008167,6.0014971520860865,30.461845445053669
india_1800_1938_FTWTHD_201710_v01,India,1820,1913,15.048884118357259,42.732945013592321,11.069044631059933,58.978490401845463
india_1800_1938_FTWTHD_201710_v01,India,1830,1913,26.768195545486947,49.121425949673537,23.361707640975879,88.46104344614308
india_1800_1938_FTWTHD_201710_v01,India,1840,1913,31.221627574145899,57.634576823043297,22.597968368641531,67.933832895828417
india_1800_1938_FTWTHD_201710_v01,India,1850,1913,53.166743860036348,91.334773570557005,46.733537493799382,153.60495575198058
india_1800_1938_FTWTHD_201710_v01,India,1860,1913,119.59515821060927,152.48253390151152,79.40091131513752,217.93479963241168
india_1800_1938_FTWTHD_201710_v01,India,1870,1913,187.88142657022701,274.91023814478029,137.19789120686158,382.73374828908322
india_1800_1938_FTWTHD_201710_v01,India,1880,1913,225.25917851461375,337.78443556018624,189.95491066751089,513.56618992163646
india_1800_1938_FTWTHD_201710_v01,India,1890,1913,319.20287614864003,489.46405779013133,341.50498686127162,784.37343737195727
india_1800_1938_FTWTHD_201710_v01,India,1900,1913,269.37623292677,371.06399276723096,274.56482562837226,521.61933382632662
india_1800_1938_FTWTHD_201710_v01,India,1910,1913,430.36541115941253,653.38437850643254,458.93160147478244,729.3041854753543
india_1800_1938_FTWTHD_201710_v01,India,1920,1913,971.28945100849546,1134.8592876970956,472.93232938313935,1050.876301096971
india_1800_1938_FTWTHD_201710_v01,India,1930,1913,891.43920321390021,1113.6273012000001,802.13443050589876,1148.7539420858416
india_1800_1938_FTWTHD_201710_v01,India,1800,current,12.094798878824518,16.346907151351147,6.7253314779096538,16.489818855367613
india_1800_1938_FTWTHD_201710_v01,India,1810,current,13.052155915554442,31.043787573008167,6.0014971520860865,30.461845445053669
india_1800_1938_FTWTHD_201710_v01,India,1820,current,15.048884118357259,42.732945013592321,11.069044631059933,58.978490401845463
india_1800_1938_FTWTHD_201710_v01,India,1830,current,26.768195545486947,49.121425949673537,23.361707640975879,88.46104344614308
india_1800_1938_FTWTHD_201710_v01,India,1840,current,31.221627574145899,57.634576823043297,22.597968368641531,67.933832895828417
india_1800_1938_FTWTHD_201710_v01,India,1850,current,53.166743860036348,91.334773570557005,46.733537493799382,153.60495575198058
india_1800_1938_FTWTHD_201710_v01,India,1860,current,119.59515821060927,152.48253390151152,79.40091131513752,217.93479963241168
india_1800_1938_FTWTHD_201710_v01,India,1870,current,187.88142657022701,274.91023814478029,137.19789120686158,382.73374828908322
india_1800_1938_FTWTHD_201710_v01,India,1880,current,225.25917851461375,337.78443556018624,189.95491066751089,513.56618992163646
india_1800_1938_FTWTHD_201710_v01,India,1890,current,319.20287614864003,489.46405779013133,341.50498686127162,784.37343737195727
india_1800_1938_FTWTHD_201710_v01,India,1900,current,269.37623292677,371.06399276723096,274.56482562837226,521.61933382632662
india_1800_1938_FTWTHD_201710_v01,India,1910,current,430.36541115941253,653.38437850643254,458.93160147478244,729.3041854753543
india_1800_1938_FTWTHD_201710_v01,India,1920,current,971.28945100849546,1134.8592876970956,472.93232938313935,1050.876301096971
india_1800_1938_FTWTHD_201710_v01,India,1930,current,891.43920321390021,1113.6273012000001,802.13443050589876,1148.7539420858416
italy_1823_1938_FTWTHD_201710_v01,Italy,1800,1913,,,,
italy_1823_1938_FTWTHD_201710_v01,Italy,1810,1913,,,,
italy_1823_1938_FTWTHD_201710_v01,Italy,1820,1913,,,,
italy_1823_1938_FTWTHD_201710_v01,Italy,1830,1913,,19.289428754523993,,25.770800833072453
italy_1823_1938_FTWTHD_201710_v01,Italy,1840,1913,,42.374415473627209,,38.100249685239326
italy_1823_1938_FTWTHD_201710_v01,Italy,1850,1913,53.05530669737108,40.481044279320379,50.565556792471114,39.211628697128212
italy_1823_1938_FTWTHD_201710_v01,Italy,1860,1913,129.96673479786435,84.174849400813599,102.33530030897919,74.756932311603762
italy_1823_1938_FTWTHD_201710_v01,Italy,1870,1913,166.69617908752838,141.19736444280173,126.76341258093508,116.06516483519451
italy_1823_1938_FTWTHD_201710_v01,Italy,1880,1913,217.44935640384617,215.04321896153849,205.06055131368706,192.36005564922181
italy_1823_1938_FTWTHD_201710_v01,Italy,1890,1913,256.87934969459963,172.63649727113591,286.32656467091579,186.53002556652183
italy_1823_1938_FTWTHD_201710_v01,Italy,1900,1913,309.35706038003622,244.79361789872954,343.15207742975781,309.56439508130649
italy_1823_1938_FTWTHD_201710_v01,Italy,1910,1913,634.99444558733205,406.29821704815737,644.0664928422683,422.33522210187346
italy_1823_1938_FTWTHD_201710_v01,Italy,1920,1913,1339.8304451585366,575.42143128780492,638.64609779884654,351.6095482228659
italy_1823_1938_FTWTHD_201710_v01,Italy,1930,1913,939.82814700040558,645.29817558931381,857.65769926373378,554.74614284895074
italy_1823_1938_FTWTHD_201710_v01,Italy,1800,current,,,,
italy_1823_1938_FTWTHD_201710_v01,Italy,1810,current,,,,
italy_1823_1938_FTWTHD_201710_v01,Italy,1820,current,,,,
italy_1823_1938_FTWTHD_201710_v01,Italy,1830,current,,22.279665066667032,,29.765775771145002
italy_1823_1938_FTWTHD_201710_v01,Italy,1840,current,,48.943273342233532,,44.006528795956854
italy_1823_1938_FTWTHD_201710_v01,Italy,1850,current,59.498482758516964,46.248226731508588,56.706371073352585,44.797962275467256
italy_1823_1938_FTWTHD_201710_v01,Italy,1860,current,157.11676506088932,104.93577325982923,123.71312829462302,93.195016735902001
italy_1823_1938_FTWTHD_201710_v01,Italy,1870,current,171.28875635411794,142.61790408008392,130.1494741158775,117.19735997857128
italy_1823_1938_FTWTHD_201710_v01,Italy,1880,current,217.44935640384617,215.04321896153849,205.06055131368706,192.36005564922181
italy_1823_1938_FTWTHD_201710_v01,Italy,1890,current,256.87934969459963,172.63649727113591,286.32656467091579,186.53002556652183
italy_1823_1938_FTWTHD_201710_v01,Italy,1900,current,309.35706038003622,244.79361789872954,343.15207742975781,309.56439508130649
italy_1823_1938_FTWTHD_201710_v01,Italy,1910,current,634.99444558733205,406.29821704815737,644.0664928422683,422.33522210187346
italy_1823_1938_FTWTHD_201710_v01,Italy,1920,current,1339.8304451585366,575.42143128780492,638.64609779884654,351.6095482228659
italy_1823_1938_FTWTHD_201710_v01,Italy,1930,current,939.82814700040558,645.29817558931381,857.65769926373378,554.74614284895074
jamaica_1816_1938_FTWTHD_201710_v01,Jamaica,1800,1913,,,,
jamaica_1816_1938_FTWTHD_201710_v01,Jamaica,1810,1913,,,,
jamaica_1816_1938_FTWTHD_201710_v01,Jamaica,1820,1913,,13.016277893132287,,8.5671722972754161
jamaica_1816_1938_FTWTHD_201710_v01,Jamaica,1830,1913,7.9023558824384468,14.109909728896151,5.999167489445135,17.540755175671137
jamaica_1816_1938_FTWTHD_201710_v01,Jamaica,1840,1913,10.80838109531067,10.907977070710672,6.7220168378303287,5.8549234169866917
jamaica_1816_1938_FTWTHD_201710_v01,Jamaica,1850,1913,5.7305926365673097,5.6660624865673093,5.7390542664610393,5.8601650081341106
jamaica_1816_1938_FTWTHD_201710_v01,Jamaica,1860,1913,5.7507016348930833,5.8613723594930827,4.2863561713256582,4.1130347359193991
jamaica_1816_1938_FTWTHD_201710_v01,Jamaica,1870,1913,6.2189683352863918,6.135676758486392,5.2478275242891153,5.3364862833090267
jamaica_1816_1938_FTWTHD_201710_v01,Jamaica,1880,1913,7.0451031366085495,7.2281380356085494,6.1258313888662981,6.1727738263303831
jamaica_1816_1938_FTWTHD_201710_v01,Jamaica,1890,1913,10.506893913640893,9.1205675221408917,12.360610072329482,8.5085137756588747
jamaica_1816_1938_FTWTHD_201710_v01,Jamaica,1900,1913,8.2572466581217885,8.6220782757217886,10.403686288961344,9.6034895599183177
jamaica_1816_1938_FTWTHD_201710_v01,Jamaica,1910,1913,12.543541697589569,12.316332611589571,12.658386658865391,13.107016816805233
jamaica_1816_1938_FTWTHD_201710_v01,Jamaica,1920,1913,37.391394258288422,24.684606258288426,15.008462785617573,11.111068489322442
jamaica_1816_1938_FTWTHD_201710_v01,Jamaica,1930,1913,29.407884300000003,19.39564764,24.848464626094447,14.5291879051768
jamaica_1816_1938_FTWTHD_201710_v01,Jamaica,1800,current,,,,
jamaica_1816_1938_FTWTHD_201710_v01,Jamaica,1810,current,,,,
jamaica_1816_1938_FTWTHD_201710_v01,Jamaica,1820,current,,13.016277893132287,,8.5671722972754161
jamaica_1816_1938_FTWTHD_201710_v01,Jamaica,1830,current,7.9023558824384468,14.109909728896151,5.999167489445135,17.540755175671137
jamaica_1816_1938_FTWTHD_201710_v01,Jamaica,1840,current,10.80838109531067,10.907977070710672,6.7220168378303287,5.8549234169866917
jamaica_1816_1938_FTWTHD_201710_v01,Jamaica,1850,current,5.7305926365673097,5.6660624865673093,5.7390542664610393,5.8601650081341106
jamaica_1816_1938_FTWTHD_201710_v01,Jamaica,1860,current,5.7507016348930833,5.8613723594930827,4.2863561713256582,4.1130347359193991
jamaica_1816_1938_FTWTHD_201710_v01,Jamaica,1870,current,6.2189683352863918,6.135676758486392,5.2478275242891153,5.3364862833090267
jamaica_1816_1938_FTWTHD_201710_v01,Jamaica,1880,current,7.0451031366085495,7.2281380356085494,6.1258313888662981,6.1727738263303831
jamaica_1816_1938_FTWTHD_201710_v01,Jamaica,1890,current,10.506893913640893,9.1205675221408917,12.360610072329482,8.5085137756588747
jamaica_1816_1938_FTWTHD_201710_v01,Jamaica,1900,current,8.2572466581217885,8.6220782757217886,10.403686288961344,9.6034895599183177
jamaica_1816_1938_FTWTHD_201710_v01,Jamaica,1910,current,12.543541697589569,12.316332611589571,12.658386658865391,13.107016816805233
jamaica_1816_1938_FTWTHD_201710_v01,Jamaica,1920,current,37.391394258288422,24.684606258288426,15.008462785617573,11.111068489322442
jamaica_1816_1938_FTWTHD_201710_v01,Jamaica,1930,current,29.407884300000003,19.39564764,24.848464626094447,14.5291879051768
japan_1860_1938_FTWTHD_201710_v01,Japan,1800,1913,,,,
japan_1860_1938_FTWTHD_201710_v01,Japan,1810,1913,,,,
japan_1860_1938_FTWTHD_201710_v01,Japan,1820,1913,,,,
japan_1860_1938_FTWTHD_201710_v01,Japan,1830,1913,,,,
japan_1860_1938_FTWTHD_201710_v01,Japan,1840,1913,,,,
japan_1860_1938_FTWTHD_201710_v01,Japan,1850,1913,,,,
japan_1860_1938_FTWTHD_201710_v01,Japan,1860,1913,1.1966086541876415,4.329426053153659,1.0280394143608966,4.3356017094088353
japan_1860_1938_FTWTHD_201710_v01,Japan,1870,1913,42.193764873640177,15.663316627136883,41.680389456320761,16.512944908407341
japan_1860_1938_FTWTHD_201710_v01,Japan,1880,1913,45.051210000000005,26.734050000000003,44.135394379391094,27.183558173076925
japan_1860_1938_FTWTHD_201710_v01,Japan,1890,1913,76.639103750000004,48.454587500000002,93.787713056206073,53.279774019230764
japan_1860_1938_FTWTHD_201710_v01,Japan,1900,1913,143.64452,106.91190000000002,190.33388826112409,113.083602
japan_1860_1938_FTWTHD_201710_v01,Japan,1910,1913,260.80753124999995,253.53873562499996,292.39698776346597,271.83558173076926
japan_1860_1938_FTWTHD_201710_v01,Japan,1920,1913,1334.0326487499999,1093.9473949999999,487.32831293910999,381.65715675000001
japan_1860_1938_FTWTHD_201710_v01,Japan,1930,1913,1034.75848451,943.87828053999999,671.22578951990624,644.79399986538454
japan_1860_1938_FTWTHD_201710_v01,Japan,1800,current,,,,
japan_1860_1938_FTWTHD_201710_v01,Japan,1810,current,,,,
japan_1860_1938_FTWTHD_201710_v01,Japan,1820,current,,,,
japan_1860_1938_FTWTHD_201710_v01,Japan,1830,current,,,,
japan_1860_1938_FTWTHD_201710_v01,Japan,1840,current,,,,
japan_1860_1938_FTWTHD_201710_v01,Japan,1850,current,,,,
japan_1860_1938_FTWTHD_201710_v01,Japan,1860,current,1.1966086541876415,4.329426053153659,1.0280394143608966,4.3356017094088353
japan_1860_1938_FTWTHD_201710_v01,Japan,1870,current,42.193764873640177,15.663316627136883,41.680389456320761,16.512944908407341
japan_1860_1938_FTWTHD_201710_v01,Japan,1880,current,45.051210000000005,26.734050000000003,44.135394379391094,27.183558173076925
japan_1860_1938_FTWTHD_201710_v01,Japan,1890,current,76.639103750000004,48.454587500000002,93.787713056206073,53.279774019230764
japan_1860_1938_FTWTHD_201710_v01,Japan,1900,current,143.64452,106.91190000000002,190.33388826112409,113.083602
japan_1860_1938_FTWTHD_201710_v01,Japan,1910,current,260.80753124999995,253.53873562499996,292.39698776346597,271.83558173076926
japan_1860_1938_FTWTHD_201710_v01,Japan,1920,current,1334.0326487499999,1093.9473949999999,487.32831293910999,381.65715675000001
japan_1860_1938_FTWTHD_201710_v01,Japan,1930,current,1034.75848451,943.87828053999999,671.22578951990624,644.79399986538454
netherlands_1800_1938_FTWTHD_201710_v01,Netherlands,1800,1913,33.425467132591812,34.505553235169494,18.511913428949349,19.551841411362709
netherlands_1800_1938_FTWTHD_201710_v01,Netherlands,1810,1913,26.266766064678709,47.737673246535074,10.687922047103612,23.516496585327417
netherlands_1800_1938_FTWTHD_201710_v01,Netherlands,1820,1913,34.53993238166791,17.628577510643623,25.961475782732077,16.115366448737415
netherlands_1800_1938_FTWTHD_201710_v01,Netherlands,1830,1913,29.945938835909239,13.700756330154555,25.936228445905304,13.140752770191023
netherlands_1800_1938_FTWTHD_201710_v01,Netherlands,1840,1913,59.114583507394109,37.766490099423521,46.023402557126403,35.954117748948811
netherlands_1800_1938_FTWTHD_201710_v01,Netherlands,1850,1913,61.345006677796327,50.084193656093483,60.369368752088761,57.819312188840506
netherlands_1800_1938_FTWTHD_201710_v01,Netherlands,1860,1913,123.99014024285961,119.30422524371474,107.31432858214555,111.86352294595389
netherlands_1800_1938_FTWTHD_201710_v01,Netherlands,1870,1913,217.36692158679358,244.52757601280217,180.97608576794167,208.53795338553846
netherlands_1800_1938_FTWTHD_201710_v01,Netherlands,1880,1913,261.74892833498842,239.17814465408804,244.84498826860312,222.0714949246306
netherlands_1800_1938_FTWTHD_201710_v01,Netherlands,1890,1913,313.31982537449306,351.57469171563349,310.06268227253503,369.55029062850542
netherlands_1800_1938_FTWTHD_201710_v01,Netherlands,1900,1913,400.48362613730353,381.52986931348221,443.70690353747864,438.29119835057952
netherlands_1800_1938_FTWTHD_201710_v01,Netherlands,1910,1913,570.47118012422368,498.62362732919263,607.25214574267875,504.36834423790236
netherlands_1800_1938_FTWTHD_201710_v01,Netherlands,1920,1913,1145.0035350000001,589.44576600000005,511.20648567457818,275.90556571342631
netherlands_1800_1938_FTWTHD_201710_v01,Netherlands,1930,1913,975.65400000000011,694.65600000000006,861.87839454988932,517.01641243973381
netherlands_1800_1938_FTWTHD_201710_v01,Netherlands,1800,current,33.425467132591812,34.505553235169494,18.511913428949349,19.551841411362709
netherlands_1800_1938_FTWTHD_201710_v01,Netherlands,1810,current,26.266766064678709,47.737673246535074,10.687922047103612,23.516496585327417
netherlands_1800_1938_FTWTHD_201710_v01,Netherlands,1820,current,34.53993238166791,17.628577510643623,25.961475782732077,16.115366448737415
netherlands_1800_1938_FTWTHD_201710_v01,Netherlands,1830,current,29.945938835909239,13.700756330154555,25.936228445905304,13.140752770191023
netherlands_1800_1938_FTWTHD_201710_v01,Netherlands,1840,current,59.114583507394109,37.766490099423521,46.023402557126403,35.954117748948811
netherlands_1800_1938_FTWTHD_201710_v01,Netherlands,1850,current,61.345006677796327,50.084193656093483,60.369368752088761,57.819312188840506
netherlands_1800_1938_FTWTHD_201710_v01,Netherlands,1860,current,123.99014024285961,119.30422524371474,107.31432858214555,111.86352294595389
netherlands_1800_1938_FTWTHD_201710_v01,Netherlands,1870,current,217.36692158679358,244.52757601280217,180.97608576794167,208.53795338553846
netherlands_1800_1938_FTWTHD_201710_v01,Netherlands,1880,current,261.74892833498842,239.17814465408804,244.84498826860312,222.0714949246306
netherlands_1800_1938_FTWTHD_201710_v01,Netherlands,1890,current,313.31982537449306,351.57469171563349,310.06268227253503,369.55029062850542
netherlands_1800_1938_FTWTHD_201710_v01,Netherlands,1900,current,400.48362613730353,381.52986931348221,443.70690353747864,438.29119835057952
netherlands_1800_1938_FTWTHD_201710_v01,Netherlands,1910,current,570.47118012422368,498.62362732919263,607.25214574267875,504.36834423790236
netherlands_1800_1938_FTWTHD_201710_v01,Netherlands,1920,current,1145.0035350000001,589.44576600000005,511.20648567457818,275.90556571342631
netherlands_1800_1938_FTWTHD_201710_v01,Netherlands,1930,current,975.65400000000011,694.65600000000006,861.87839454988932,517.01641243973381
new_zealand_1826_1938_FTWTHD_201710_v01,New Zealand,1800,1913,,,,
new_zealand_1826_1938_FTWTHD_201710_v01,New Zealand,1810,1913,,,,
new_zealand_1826_1938_FTWTHD_201710_v01,New Zealand,1820,1913,,,,
new_zealand_1826_1938_FTWTHD_201710_v01,New Zealand,1830,1913,,8.9241616061950801E-3,,1.7148026855509514E-2
new_zealand_1826_1938_FTWTHD_201710_v01,New Zealand,1840,1913,,9.7342143179579621E-2,,0.16885100349481216
new_zealand_1826_1938_FTWTHD_201710_v01,New Zealand,1850,1913,1.1688479999999999,0.56007299999999993,1.4436335009971317,0.8587972385040441
new_zealand_1826_1938_FTWTHD_201710_v01,New Zealand,1860,1913,7.5067164000000002,2.8562376999999999,6.3360342407513981,1.5391521640793109
new_zealand_1826_1938_FTWTHD_201710_v01,New Zealand,1870,1913,22.495902700000002,23.383324600000002,19.693804175746415,24.557198850458715
new_zealand_1826_1938_FTWTHD_201710_v01,New Zealand,1880,1913,29.851808999999999,30.772264,25.89149671940217,38.774682852100369
new_zealand_1826_1938_FTWTHD_201710_v01,New Zealand,1890,1913,30.426729999999999,47.691226,28.473402960346501,56.979539175974608
new_zealand_1826_1938_FTWTHD_201710_v01,New Zealand,1900,1913,51.794919200000002,64.444439199999991,42.945687633529431,86.026874154302647
new_zealand_1826_1938_FTWTHD_201710_v01,New Zealand,1910,1913,83.157300000000006,107.9586,73.747086888918844,118.02841214574897
new_zealand_1826_1938_FTWTHD_201710_v01,New Zealand,1920,1913,225.09000000000003,169.82400000000001,148.46069732214303,137.26495445276095
new_zealand_1826_1938_FTWTHD_201710_v01,New Zealand,1930,1913,215.298,215.78400000000002,250.99655192204693,189.91506325086331
new_zealand_1826_1938_FTWTHD_201710_v01,New Zealand,1800,current,,,,
new_zealand_1826_1938_FTWTHD_201710_v01,New Zealand,1810,current,,,,
new_zealand_1826_1938_FTWTHD_201710_v01,New Zealand,1820,current,,,,
new_zealand_1826_1938_FTWTHD_201710_v01,New Zealand,1830,current,,8.9241616061950801E-3,,1.7148026855509514E-2
new_zealand_1826_1938_FTWTHD_201710_v01,New Zealand,1840,current,,9.7342143179579621E-2,,0.16885100349481216
new_zealand_1826_1938_FTWTHD_201710_v01,New Zealand,1850,current,1.1688479999999999,0.56007299999999993,1.4436335009971317,0.8587972385040441
new_zealand_1826_1938_FTWTHD_201710_v01,New Zealand,1860,current,7.5067164000000002,2.8562376999999999,6.3360342407513981,1.5391521640793109
new_zealand_1826_1938_FTWTHD_201710_v01,New Zealand,1870,current,22.495902700000002,23.383324600000002,19.693804175746415,24.557198850458715
new_zealand_1826_1938_FTWTHD_201710_v01,New Zealand,1880,current,29.851808999999999,30.772264,25.89149671940217,38.774682852100369
new_zealand_1826_1938_FTWTHD_201710_v01,New Zealand,1890,current,30.426729999999999,47.691226,28.473402960346501,56.979539175974608
new_zealand_1826_1938_FTWTHD_201710_v01,New Zealand,1900,current,51.794919200000002,64.444439199999991,42.945687633529431,86.026874154302647
new_zealand_1826_1938_FTWTHD_201710_v01,New Zealand,1910,current,83.157300000000006,107.9586,73.747086888918844,118.02841214574897
new_zealand_1826_1938_FTWTHD_201710_v01,New Zealand,1920,current,225.09000000000003,169.82400000000001,148.46069732214303,137.26495445276095
new_zealand_1826_1938_FTWTHD_201710_v01,New Zealand,1930,current,215.298,215.78400000000002,250.99655192204693,189.91506325086331
nigeria_1817_1938_FTWTHD_201710_v01,Nigeria,1800,1913,,,,
nigeria_1817_1938_FTWTHD_201710_v01,Nigeria,1810,1913,,,,
nigeria_1817_1938_FTWTHD_201710_v01,Nigeria,1820,1913,,0.29079876120724818,,0.55138499924166351
nigeria_1817_1938_FTWTHD_201710_v01,Nigeria,1830,1913,,0.3809403733357723,,0.52575967938532731
nigeria_1817_1938_FTWTHD_201710_v01,Nigeria,1840,1913,,0.84454396381899111,,0.95811072746598347
nigeria_1817_1938_FTWTHD_201710_v01,Nigeria,1850,1913,0.28673805821090226,0.89183919950890855,0.33290552379315941,1.3984530410388207
nigeria_1817_1938_FTWTHD_201710_v01,Nigeria,1860,1913,0.35929039888170705,0.58089699568670705,0.42719623929163103,0.5771912394231471
nigeria_1817_1938_FTWTHD_201710_v01,Nigeria,1870,1913,1.7296311351974327,2.2824513351974325,2.0410914858736811,2.7610199484390678
nigeria_1817_1938_FTWTHD_201710_v01,Nigeria,1880,1913,1.7311356502874324,2.5547006502874319,2.0384572139023649,3.7031045940866125
nigeria_1817_1938_FTWTHD_201710_v01,Nigeria,1890,1913,2.1862103443520273,2.6430973443520269,2.7457647578680988,4.4869494261449505
nigeria_1817_1938_FTWTHD_201710_v01,Nigeria,1900,1913,7.4761214076956746,8.0258890076956746,8.4161756123656328,13.292381718409326
nigeria_1817_1938_FTWTHD_201710_v01,Nigeria,1910,1913,22.390197618235948,18.528975618235943,22.079450764481159,20.67732920606549
nigeria_1817_1938_FTWTHD_201710_v01,Nigeria,1920,1913,54.900000000000006,30.378000000000007,15.676644956669538,21.765745218877552
nigeria_1817_1938_FTWTHD_201710_v01,Nigeria,1930,1913,100.84139874,202.90139874000002,93.274338923517703,217.2719764151428
nigeria_1817_1938_FTWTHD_201710_v01,Nigeria,1800,current,,,,
nigeria_1817_1938_FTWTHD_201710_v01,Nigeria,1810,current,,,,
nigeria_1817_1938_FTWTHD_201710_v01,Nigeria,1820,current,,0.29079876120724818,,0.55138499924166351
nigeria_1817_1938_FTWTHD_201710_v01,Nigeria,1830,current,,0.3809403733357723,,0.52575967938532731
nigeria_1817_1938_FTWTHD_201710_v01,Nigeria,1840,current,,0.84454396381899111,,0.95811072746598347
nigeria_1817_1938_FTWTHD_201710_v01,Nigeria,1850,current,0.28673805821090226,0.89183919950890855,0.33290552379315941,1.3984530410388207
nigeria_1817_1938_FTWTHD_201710_v01,Nigeria,1860,current,0.35929039888170705,0.58089699568670705,0.42719623929163103,0.5771912394231471
nigeria_1817_1938_FTWTHD_201710_v01,Nigeria,1870,current,1.7296311351974327,2.2824513351974325,2.0410914858736811,2.7610199484390678
nigeria_1817_1938_FTWTHD_201710_v01,Nigeria,1880,current,1.7311356502874324,2.5547006502874319,2.0384572139023649,3.7031045940866125
nigeria_1817_1938_FTWTHD_201710_v01,Nigeria,1890,current,2.1862103443520273,2.6430973443520269,2.7457647578680988,4.4869494261449505
nigeria_1817_1938_FTWTHD_201710_v01,Nigeria,1900,current,7.4761214076956746,8.0258890076956746,8.4161756123656328,13.292381718409326
nigeria_1817_1938_FTWTHD_201710_v01,Nigeria,1910,current,22.390197618235948,18.528975618235943,22.079450764481159,20.67732920606549
nigeria_1817_1938_FTWTHD_201710_v01,Nigeria,1920,current,54.900000000000006,30.378000000000007,15.676644956669538,21.765745218877552
nigeria_1817_1938_FTWTHD_201710_v01,Nigeria,1930,current,100.84139874,202.90139874000002,93.274338923517703,217.2719764151428
ottoman_empire_1830_1938_FTWTHD_201710_v01,Ottoman Empire (Turkey),1800,1913,,,,
ottoman_empire_1830_1938_FTWTHD_201710_v01,Ottoman Empire (Turkey),1810,1913,,,,
ottoman_empire_1830_1938_FTWTHD_201710_v01,Ottoman Empire (Turkey),1820,1913,,,,
ottoman_empire_1830_1938_FTWTHD_201710_v01,Ottoman Empire (Turkey),1830,1913,26.628151251513124,18.589464081245012,,11.439254382544616
ottoman_empire_1830_1938_FTWTHD_201710_v01,Ottoman Empire (Turkey),1840,1913,27.487133506930469,24.844139900494849,,14.031797983921132
ottoman_empire_1830_1938_FTWTHD_201710_v01,Ottoman Empire (Turkey),1850,1913,45.91880875710855,40.243450371398495,41.324476826166901,27.945609925988393
ottoman_empire_1830_1938_FTWTHD_201710_v01,Ottoman Empire (Turkey),1860,1913,69.616265124312676,54.826462257829192,44.950665241333446,31.517339687832461
ottoman_empire_1830_1938_FTWTHD_201710_v01,Ottoman Empire (Turkey),1870,1913,114.54630333821511,85.973643369722836,79.003019492441481,62.143051993106333
ottoman_empire_1830_1938_FTWTHD_201710_v01,Ottoman Empire (Turkey),1880,1913,77.014478600539348,69.702977467576744,61.623806315790326,59.762260969910471
ottoman_empire_1830_1938_FTWTHD_201710_v01,Ottoman Empire (Turkey),1890,1913,94.913050843528595,83.660472650739138,91.641046329138177,92.011687859627386
ottoman_empire_1830_1938_FTWTHD_201710_v01,Ottoman Empire (Turkey),1900,1913,90.048662525243969,95.43200648055749,99.097592332218966,107.91232639408581
ottoman_empire_1830_1938_FTWTHD_201710_v01,Ottoman Empire (Turkey),1910,1913,192.30379802766512,127.22388673585991,195.7703560380275,134.15412182727479
ottoman_empire_1830_1938_FTWTHD_201710_v01,Ottoman Empire (Turkey),1920,1913,,,,
ottoman_empire_1830_1938_FTWTHD_201710_v01,Ottoman Empire (Turkey),1930,1913,68.765871598326058,68.735090301517971,62.122302972404093,57.087910275947657
ottoman_empire_1830_1938_FTWTHD_201710_v01,Ottoman Empire (Turkey),1800,current,,,,
ottoman_empire_1830_1938_FTWTHD_201710_v01,Ottoman Empire (Turkey),1810,current,,,,
ottoman_empire_1830_1938_FTWTHD_201710_v01,Ottoman Empire (Turkey),1820,current,,,,
ottoman_empire_1830_1938_FTWTHD_201710_v01,Ottoman Empire (Turkey),1830,current,25.236479999999997,17.617919999999998,,10.841402833912293
ottoman_empire_1830_1938_FTWTHD_201710_v01,Ottoman Empire (Turkey),1840,current,26.001560000000001,23.501410000000003,,13.273433444590111
ottoman_empire_1830_1938_FTWTHD_201710_v01,Ottoman Empire (Turkey),1850,current,43.34478,37.987559999999995,39.007988341335455,26.379088373460174
ottoman_empire_1830_1938_FTWTHD_201710_v01,Ottoman Empire (Turkey),1860,current,66.435410000000005,53.82723,42.896812544426496,30.94292468456376
ottoman_empire_1830_1938_FTWTHD_201710_v01,Ottoman Empire (Turkey),1870,current,109.10925,84.37782,75.253063201035374,60.989566683544297
ottoman_empire_1830_1938_FTWTHD_201710_v01,Ottoman Empire (Turkey),1880,current,76.54310000000001,69.276350000000008,61.246628620000003,59.396477140000002
ottoman_empire_1830_1938_FTWTHD_201710_v01,Ottoman Empire (Turkey),1890,current,94.293699999999987,83.114550000000008,91.043046803874091,91.411269729729753
ottoman_empire_1830_1938_FTWTHD_201710_v01,Ottoman Empire (Turkey),1900,current,89.519679999999994,94.871399999999994,98.51545270718232,107.27840543046356
ottoman_empire_1830_1938_FTWTHD_201710_v01,Ottoman Empire (Turkey),1910,current,191.11590000000001,126.43800000000002,194.56104440613026,133.32542567901234
ottoman_empire_1830_1938_FTWTHD_201710_v01,Ottoman Empire (Turkey),1920,current,,,,
ottoman_empire_1830_1938_FTWTHD_201710_v01,Ottoman Empire (Turkey),1930,current,69.559230174999982,71.399201949999991,62.947807424192376,59.270022641751162
russia_1800_1938_FTWTHD_201710_v01,Russia,1800,1913,22.349982782210382,29.507161546874404,,22.386907315327544
russia_1800_1938_FTWTHD_201710_v01,Russia,1810,1913,7.0985838085599493,17.967140883324017,,11.451438796537934
russia_1800_1938_FTWTHD_201710_v01,Russia,1820,1913,46.690326099801169,42.367853006548778,,39.542113034778104
russia_1800_1938_FTWTHD_201710_v01,Russia,1830,1913,37.72167047459466,51.850635387340375,,59.513348428745729
russia_1800_1938_FTWTHD_201710_v01,Russia,1840,1913,61.182953298230636,66.901718459268849,,66.71463723785439
russia_1800_1938_FTWTHD_201710_v01,Russia,1850,1913,71.531297926905722,74.730780901272098,76.19547692350713,92.616437158915048
russia_1800_1938_FTWTHD_201710_v01,Russia,1860,1913,116.06496118561257,132.16687984350355,99.496221757243362,118.58316855011891
russia_1800_1938_FTWTHD_201710_v01,Russia,1870,1913,201.43938323362619,215.89216422776252,178.3893935255511,195.58391793280899
russia_1800_1938_FTWTHD_201710_v01,Russia,1880,1913,309.56213386027633,247.87834964052638,290.83088860853178,219.69436780199058
russia_1800_1938_FTWTHD_201710_v01,Russia,1890,1913,227.88941497561453,387.8658791397109,244.18440840307815,443.34592263175654
russia_1800_1938_FTWTHD_201710_v01,Russia,1900,1913,322.47120715502774,368.80327714856622,343.96382153239779,442.96546375428966
russia_1800_1938_FTWTHD_201710_v01,Russia,1910,1913,558.24996334436821,745.99780697374001,586.31095139046249,793.35585641070327
russia_1800_1938_FTWTHD_201710_v01,Russia,1920,1913,42.494289838295458,1.2332468655689355,14.204689740073823,0.3770390850910556
russia_1800_1938_FTWTHD_201710_v01,Russia,1930,1913,525.48620363100258,500.93137045739536,316.36917140561332,419.12322742855207
russia_1800_1938_FTWTHD_201710_v01,Russia,1800,current,22.349982782210382,29.507161546874404,,22.386907315327544
russia_1800_1938_FTWTHD_201710_v01,Russia,1810,current,7.0985838085599493,17.967140883324017,,11.451438796537934
russia_1800_1938_FTWTHD_201710_v01,Russia,1820,current,46.690326099801169,42.367853006548778,,39.542113034778104
russia_1800_1938_FTWTHD_201710_v01,Russia,1830,current,37.72167047459466,51.850635387340375,,59.513348428745729
russia_1800_1938_FTWTHD_201710_v01,Russia,1840,current,61.182953298230636,66.901718459268849,,66.71463723785439
russia_1800_1938_FTWTHD_201710_v01,Russia,1850,current,71.531297926905722,74.730780901272098,76.19547692350713,92.616437158915048
russia_1800_1938_FTWTHD_201710_v01,Russia,1860,current,116.06496118561257,132.16687984350355,99.496221757243362,118.58316855011891
russia_1800_1938_FTWTHD_201710_v01,Russia,1870,current,201.43938323362619,215.89216422776252,178.3893935255511,195.58391793280899
russia_1800_1938_FTWTHD_201710_v01,Russia,1880,current,309.56213386027633,247.87834964052638,290.83088860853178,219.69436780199058
russia_1800_1938_FTWTHD_201710_v01,Russia,1890,current,227.88941497561453,387.8658791397109,244.18440840307815,443.34592263175654
russia_1800_1938_FTWTHD_201710_v01,Russia,1900,current,322.47120715502774,368.80327714856622,343.96382153239779,442.96546375428966
russia_1800_1938_FTWTHD_201710_v01,Russia,1910,current,558.24996334436821,745.99780697374001,586.31095139046249,793.35585641070327
russia_1800_1938_FTWTHD_201710_v01,Russia,1920,current,44.637345036205701,1.6829266259573701,14.921055028163282,0.51451913890218215
russia_1800_1938_FTWTHD_201710_v01,Russia,1930,current,544.79344503518655,536.34504077441272,327.9931035335423,448.75341765761743
south_africa_1826_1938_FTWTHD_201710_v01,South Africa,1800,1913,,,,
south_africa_1826_1938_FTWTHD_201710_v01,South Africa,1810,1913,,,,
south_africa_1826_1938_FTWTHD_201710_v01,South Africa,1820,1913,,,,
south_africa_1826_1938_FTWTHD_201710_v01,South Africa,1830,1913,2.4025366766911418,1.340366564691142,2.3884107060425466,1.4163626864410153
south_africa_1826_1938_FTWTHD_201710_v01,South Africa,1840,1913,7.2371140719252232,5.4825788061252236,4.2196151615695676,5.2702461141367394
south_africa_1826_1938_FTWTHD_201710_v01,South Africa,1850,1913,6.7598375235013322,3.185110723501333,6.4356295419231691,3.8264798708915446
south_africa_1826_1938_FTWTHD_201710_v01,South Africa,1860,1913,14.705840358682636,10.865703935182637,10.991258170705425,7.6039428866091594
south_africa_1826_1938_FTWTHD_201710_v01,South Africa,1870,1913,14.216018524363875,14.480843646663875,12.655786913058989,12.680877002656729
south_africa_1826_1938_FTWTHD_201710_v01,South Africa,1880,1913,50.453582603397756,26.062687783397756,41.726563662158007,23.499782162987664
south_africa_1826_1938_FTWTHD_201710_v01,South Africa,1890,1913,70.948554088291758,55.424117088291759,66.220592428894761,68.078943213478908
south_africa_1826_1938_FTWTHD_201710_v01,South Africa,1900,1913,128.30991852020978,45.114998520209767,121.44785668803148,58.442384130665886
south_africa_1826_1938_FTWTHD_201710_v01,South Africa,1910,1913,189.365211679407,262.40260867940702,214.02342486885661,299.40502440357363
south_africa_1826_1938_FTWTHD_201710_v01,South Africa,1920,1913,387.69279865122002,306.09309865122003,209.64638828416216,171.15070618245159
south_africa_1826_1938_FTWTHD_201710_v01,South Africa,1930,1913,307.91741445788688,149.5557384378869,254.33562016129332,152.50624377619383
south_africa_1826_1938_FTWTHD_201710_v01,South Africa,1800,current,,,,
south_africa_1826_1938_FTWTHD_201710_v01,South Africa,1810,current,,,,
south_africa_1826_1938_FTWTHD_201710_v01,South Africa,1820,current,,,,
south_africa_1826_1938_FTWTHD_201710_v01,South Africa,1830,current,2.4025366766911418,1.340366564691142,2.3884107060425466,1.4163626864410153
south_africa_1826_1938_FTWTHD_201710_v01,South Africa,1840,current,7.2371140719252232,5.4825788061252236,4.2196151615695676,5.2702461141367394
south_africa_1826_1938_FTWTHD_201710_v01,South Africa,1850,current,6.7598375235013322,3.185110723501333,6.4356295419231691,3.8264798708915446
south_africa_1826_1938_FTWTHD_201710_v01,South Africa,1860,current,14.705840358682636,10.865703935182637,10.991258170705425,7.6039428866091594
south_africa_1826_1938_FTWTHD_201710_v01,South Africa,1870,current,14.216018524363875,14.480843646663875,12.655786913058989,12.680877002656729
south_africa_1826_1938_FTWTHD_201710_v01,South Africa,1880,current,50.453582603397756,26.062687783397756,41.726563662158007,23.499782162987664
south_africa_1826_1938_FTWTHD_201710_v01,South Africa,1890,current,70.948554088291758,55.424117088291759,66.220592428894761,68.078943213478908
south_africa_1826_1938_FTWTHD_201710_v01,South Africa,1900,current,128.30991852020978,45.114998520209767,121.44785668803148,58.442384130665886
south_africa_1826_1938_FTWTHD_201710_v01,South Africa,1910,current,189.365211679407,262.40260867940702,214.02342486885661,299.40502440357363
south_africa_1826_1938_FTWTHD_201710_v01,South Africa,1920,current,387.69279865122002,306.09309865122003,209.64638828416216,171.15070618245159
south_africa_1826_1938_FTWTHD_201710_v01,South Africa,1930,current,307.91741445788688,149.5557384378869,254.33562016129332,152.50624377619383
spain_1821_1938_FTWTHD_201710_v01,Spain,1800,1913,,,,
spain_1821_1938_FTWTHD_201710_v01,Spain,1810,1913,,,,
spain_1821_1938_FTWTHD_201710_v01,Spain,1820,1913,,,,
spain_1821_1938_FTWTHD_201710_v01,Spain,1830,1913,21.957637305699482,18.750341968911915,20.076607135525926,17.93424660053449
spain_1821_1938_FTWTHD_201710_v01,Spain,1840,1913,29.368798602548299,28.834446773530626,24.342958508170451,24.762442518741864
spain_1821_1938_FTWTHD_201710_v01,Spain,1850,1913,34.78428207236842,32.821783717105262,33.441401510719508,30.739172254450438
spain_1821_1938_FTWTHD_201710_v01,Spain,1860,1913,76.48622231578949,55.639336842105266,66.792560064435264,49.949705765700706
spain_1821_1938_FTWTHD_201710_v01,Spain,1870,1913,78.596912489728851,67.101242399342652,74.148103336816774,67.03643612310924
spain_1821_1938_FTWTHD_201710_v01,Spain,1880,1913,121.40410313001604,143.35209871589083,134.73552536962765,133.22586124159446
spain_1821_1938_FTWTHD_201710_v01,Spain,1890,1913,156.06805017103761,161.88734891676168,182.2932066956341,171.17887148914909
spain_1821_1938_FTWTHD_201710_v01,Spain,1900,1913,162.75110073710073,182.65419164619163,175.26928749431079,199.76029117968741
spain_1821_1938_FTWTHD_201710_v01,Spain,1910,1913,195.88379335793357,225.15151660516605,220.59773983895852,239.13540026270385
spain_1821_1938_FTWTHD_201710_v01,Spain,1920,1913,672.6074678111587,463.34343347639481,265.93426103802136,174.20852367109632
spain_1821_1938_FTWTHD_201710_v01,Spain,1930,1913,396.31080372048655,282.6519437157167,287.78798366334433,242.77699858803979
spain_1821_1938_FTWTHD_201710_v01,Spain,1800,current,,,,
spain_1821_1938_FTWTHD_201710_v01,Spain,1810,current,,,,
spain_1821_1938_FTWTHD_201710_v01,Spain,1820,current,,,,
spain_1821_1938_FTWTHD_201710_v01,Spain,1830,current,21.957637305699482,18.750341968911915,20.076607135525926,17.93424660053449
spain_1821_1938_FTWTHD_201710_v01,Spain,1840,current,29.368798602548299,28.834446773530626,24.342958508170451,24.762442518741864
spain_1821_1938_FTWTHD_201710_v01,Spain,1850,current,34.78428207236842,32.821783717105262,33.441401510719508,30.739172254450438
spain_1821_1938_FTWTHD_201710_v01,Spain,1860,current,76.48622231578949,55.639336842105266,66.792560064435264,49.949705765700706
spain_1821_1938_FTWTHD_201710_v01,Spain,1870,current,78.596912489728851,67.101242399342652,74.148103336816774,67.03643612310924
spain_1821_1938_FTWTHD_201710_v01,Spain,1880,current,121.40410313001604,143.35209871589083,134.73552536962765,133.22586124159446
spain_1821_1938_FTWTHD_201710_v01,Spain,1890,current,156.06805017103761,161.88734891676168,182.2932066956341,171.17887148914909
spain_1821_1938_FTWTHD_201710_v01,Spain,1900,current,162.75110073710073,182.65419164619163,175.26928749431079,199.76029117968741
spain_1821_1938_FTWTHD_201710_v01,Spain,1910,current,195.88379335793357,225.15151660516605,220.59773983895852,239.13540026270385
spain_1821_1938_FTWTHD_201710_v01,Spain,1920,current,672.6074678111587,463.34343347639481,265.93426103802136,174.20852367109632
spain_1821_1938_FTWTHD_201710_v01,Spain,1930,current,396.31080372048655,282.6519437157167,287.78798366334433,242.77699858803979
united_kingdom_1800_1938_FTWTHD_201710_v01,United Kingdom,1800,1913,216.48004000000003,171.45583000000002,94.926798466076704,49.49227961281337
united_kingdom_1800_1938_FTWTHD_201710_v01,United Kingdom,1810,1913,326.73919999999998,208.08127999999999,138.30451359353972,64.564275267478067
united_kingdom_1800_1938_FTWTHD_201710_v01,United Kingdom,1820,1913,198.05921999999998,164.59715999999997,118.44471335999998,73.062385400340716
united_kingdom_1800_1938_FTWTHD_201710_v01,United Kingdom,1830,1913,239.50847999999996,182.36927999999997,190.68522218691584,114.09926611251581
united_kingdom_1800_1938_FTWTHD_201710_v01,United Kingdom,1840,1913,406.02436,257.01542000000001,269.31615286999187,188.51701199999997
united_kingdom_1800_1938_FTWTHD_201710_v01,United Kingdom,1850,1913,443.18819999999999,347.73228,406.97425336273432,333.83220875000001
united_kingdom_1800_1938_FTWTHD_201710_v01,United Kingdom,1860,1913,882.08767000000012,661.44452000000013,633.34391675536483,581.23237877034364
united_kingdom_1800_1938_FTWTHD_201710_v01,United Kingdom,1870,1913,1254.9988400000002,976.16408999999999,906.5432789637307,800.60072817721516
united_kingdom_1800_1938_FTWTHD_201710_v01,United Kingdom,1880,1913,1685.4015499999998,1098.7325999999998,1411.19574582,1068.8914580400001
united_kingdom_1800_1938_FTWTHD_201710_v01,United Kingdom,1890,1913,1730.338,1310.3908000000001,1784.9839119901112,1438.9633758550397
united_kingdom_1800_1938_FTWTHD_201710_v01,United Kingdom,1900,1913,2237.5054799999998,1425.0170799999999,2441.7594704450257,1505.3607637622681
united_kingdom_1800_1938_FTWTHD_201710_v01,United Kingdom,1910,1913,2793.7935000000002,2099.8433999999997,2787.5109714114838,2256.1431757649666
united_kingdom_1800_1938_FTWTHD_201710_v01,United Kingdom,1920,1913,6257.8680000000004,4884.2700000000004,2912.085065776173,1801.4747763265304
united_kingdom_1800_1938_FTWTHD_201710_v01,United Kingdom,1930,1913,4448.3580000000002,2654.0459999999998,3787.887957631579,1753.5196772815532
united_kingdom_1800_1938_FTWTHD_201710_v01,United Kingdom,1800,current,216.48004000000003,171.45583000000002,94.926798466076704,49.49227961281337
united_kingdom_1800_1938_FTWTHD_201710_v01,United Kingdom,1810,current,326.73919999999998,208.08127999999999,138.30451359353972,64.564275267478067
united_kingdom_1800_1938_FTWTHD_201710_v01,United Kingdom,1820,current,198.05921999999998,164.59715999999997,118.44471335999998,73.062385400340716
united_kingdom_1800_1938_FTWTHD_201710_v01,United Kingdom,1830,current,239.50847999999996,182.36927999999997,190.68522218691584,114.09926611251581
united_kingdom_1800_1938_FTWTHD_201710_v01,United Kingdom,1840,current,406.02436,257.01542000000001,269.31615286999187,188.51701199999997
united_kingdom_1800_1938_FTWTHD_201710_v01,United Kingdom,1850,current,443.18819999999999,347.73228,406.97425336273432,333.83220875000001
united_kingdom_1800_1938_FTWTHD_201710_v01,United Kingdom,1860,current,882.08767000000012,661.44452000000013,633.34391675536483,581.23237877034364
united_kingdom_1800_1938_FTWTHD_201710_v01,United Kingdom,1870,current,1254.9988400000002,976.16408999999999,906.5432789637307,800.60072817721516
united_kingdom_1800_1938_FTWTHD_201710_v01,United Kingdom,1880,current,1685.4015499999998,1098.7325999999998,1411.19574582,1068.8914580400001
united_kingdom_1800_1938_FTWTHD_201710_v01,United Kingdom,1890,current,1730.338,1310.3908000000001,1784.9839119901112,1438.9633758550397
united_kingdom_1800_1938_FTWTHD_201710_v01,United Kingdom,1900,current,2237.5054799999998,1425.0170799999999,2441.7594704450257,1505.3607637622681
united_kingdom_1800_1938_FTWTHD_201710_v01,United Kingdom,1910,current,2793.7935000000002,2099.8433999999997,2787.5109714114838,2256.1431757649666
united_kingdom_1800_1938_FTWTHD_201710_v01,United Kingdom,1920,current,6257.8680000000004,4884.2700000000004,2912.085065776173,1801.4747763265304
united_kingdom_1800_1938_FTWTHD_201710_v01,United Kingdom,1930,current,4651.9920000000002,2774.0879999999997,3961.2873954385964,1832.8310415533979
united_states_1800_1938_FTWTHD_201710_v01,United States,1800,1913,51.762619999999998,28.248999999999999,34.701454692927676,28.336180842116956
united_states_1800_1938_FTWTHD_201710_v01,United States,1810,1913,63.265279999999997,43.098749999999995,40.713666505203328,49.047540519524176
united_states_1800_1938_FTWTHD_201710_v01,United States,1820,1913,60.541059000000004,49.451749999999997,38.93614425083706,50.189160733965586
united_states_1800_1938_FTWTHD_201710_v01,United States,1830,1913,64.312842769717264,58.999999999999993,62.539215152708636,86.346659459459431
united_states_1800_1938_FTWTHD_201710_v01,United States,1840,1913,104.3741638591339,110,107.9741703419747,161.46970641654693
united_states_1800_1938_FTWTHD_201710_v01,United States,1850,1913,205.12722427684264,157,268.82776286365606,190.36447748494143
united_states_1800_1938_FTWTHD_201710_v01,United States,1860,1913,340.34678244208555,264.46022727272725,358.95949710688711,323.07033169533167
united_states_1800_1938_FTWTHD_201710_v01,United States,1870,1913,504.74953655804518,422.04651520112122,425.88242147085055,422.60749860635099
united_states_1800_1938_FTWTHD_201710_v01,United States,1880,1913,685.32895046347107,869.13497490955774,605.94955832313974,856.29061567444126
united_states_1800_1938_FTWTHD_201710_v01,United States,1890,1913,882.58463914638787,882.84609899904012,946.97922655191826,1038.6424694106354
united_states_1800_1938_FTWTHD_201710_v01,United States,1900,1913,840.83032308235295,1415.7458751793401,969.81582823800807,1747.8344138016544
united_states_1800_1938_FTWTHD_201710_v01,United States,1910,1913,1571.702420725408,1862,1661.4190493926089,1823.7022526934379
united_states_1800_1938_FTWTHD_201710_v01,United States,1920,1913,5520.9887326132566,8080,2519.8488053917195,3475.2688172043008
united_states_1800_1938_FTWTHD_201710_v01,United States,1930,1913,3103.7610754659331,3781,3148.5510696383985,3163.9208379016618
united_states_1800_1938_FTWTHD_201710_v01,United States,1800,current,51.762619999999998,28.248999999999999,34.701454692927676,28.336180842116956
united_states_1800_1938_FTWTHD_201710_v01,United States,1810,current,63.265279999999997,43.098749999999995,40.713666505203328,49.047540519524176
united_states_1800_1938_FTWTHD_201710_v01,United States,1820,current,60.541059000000004,49.451749999999997,38.93614425083706,50.189160733965586
united_states_1800_1938_FTWTHD_201710_v01,United States,1830,current,64.312842769717264,58.999999999999993,62.539215152708636,86.346659459459431
united_states_1800_1938_FTWTHD_201710_v01,United States,1840,current,104.3741638591339,110,107.9741703419747,161.46970641654693
united_states_1800_1938_FTWTHD_201710_v01,United States,1850,current,205.12722427684264,157,268.82776286365606,190.36447748494143
united_states_1800_1938_FTWTHD_201710_v01,United States,1860,current,340.34678244208555,264.46022727272725,358.95949710688711,323.07033169533167
united_states_1800_1938_FTWTHD_201710_v01,United States,1870,current,504.74953655804518,422.04651520112122,425.88242147085055,422.60749860635099
united_states_1800_1938_FTWTHD_201710_v01,United States,1880,current,685.32895046347107,869.13497490955774,605.94955832313974,856.29061567444126
united_states_1800_1938_FTWTHD_201710_v01,United States,1890,current,882.58463914638787,882.84609899904012,946.97922655191826,1038.6424694106354
united_states_1800_1938_FTWTHD_201710_v01,United States,1900,current,840.83032308235295,1415.7458751793401,969.81582823800807,1747.8344138016544
united_states_1800_1938_FTWTHD_201710_v01,United States,1910,current,1571.702420725408,1862,1661.4190493926089,1823.7022526934379
united_states_1800_1938_FTWTHD_201710_v01,United States,1920,current,5520.9887326132566,8080,2519.8488053917195,3475.2688172043008
united_states_1800_1938_FTWTHD_201710_v01,United States,1930,current,3103.7610754659331,3781,3148.5510696383985,3163.9208379016618
