year,arableOutputCurrentPrices,arableOutputCurrentPrices_state,livestockOutputCurrentPrices,livestockOutputCurrentPrices_state,horticultureOutputCurrentPrices,horticultureOutputCurrentPrices_state,totalOutputCurrentPrices,totalOutputCurrentPrices_state,cattleFodderInputsCurrentPrices,cattleFodderInputsCurrentPrices_state,seedInputsCurrentPrices,seedInputsCurrentPrices_state,otherInputsCurrentPrices,otherInputsCurrentPrices_state,totalInputsCurrentPrices,totalInputsCurrentPrices_state,totalValueAddedCurrentPrices,totalValueAddedCurrentPrices_state,arableOutputShare,arableOutputShare_state,livestockOutputShare,livestockOutputShare_state,horticultureOutputShare,horticultureOutputShare_state,cattleFodderInputsShareOfOutput,cattleFodderInputsShareOfOutput_state,seedInputsShareOfOutput,seedInputsShareOfOutput_state,otherInputsShareOfOutput,otherInputsShareOfOutput_state,totalInputsShareOfOutput,totalInputsShareOfOutput_state
1800,,blank,,blank,,blank,,blank,,blank,,blank,,blank,,blank,,blank,,blank,,blank,,blank,,blank,,blank,,blank,,blank
1801,,blank,,blank,,blank,,blank,,blank,,blank,,blank,,blank,,blank,,blank,,blank,,blank,,blank,,blank,,blank,,blank
1802,,blank,,blank,,blank,,blank,,blank,,blank,,blank,,blank,,blank,,blank,,blank,,blank,,blank,,blank,,blank,,blank
1803,,blank,,blank,,blank,,blank,,blank,,blank,,blank,,blank,,blank,,blank,,blank,,blank,,blank,,blank,,blank,,blank
1804,,blank,,blank,,blank,,blank,,blank,,blank,,blank,,blank,,blank,,blank,,blank,,blank,,blank,,blank,,blank,,blank
1805,,blank,,blank,,blank,,blank,,blank,,blank,,blank,,blank,,blank,,blank,,blank,,blank,,blank,,blank,,blank,,blank
1806,,blank,,blank,,blank,,blank,,blank,,blank,,blank,,blank,,blank,,blank,,blank,,blank,,blank,,blank,,blank,,blank
1807,86.26980739843835,,68.1993296420573,,3.595552435140879,,158.06468947563653,,15.181083183876353,,8.311061893800607,,15.275125833479194,,38.76727091115615,,119.29741856448038,,0.5457879788625127,,0.431464673535257,,0.022747347602230183,,0.09604348216061441,,0.05258012982767819,,0.09663844520969778,,0.24526205719799038,
1808,59.913601125425124,,65.677357770712,,2.9452637886085276,,128.53622268474567,,14.619695484506964,,6.154386877297586,,13.189148363702635,,33.96323072550719,,94.57299195923848,,0.4661223106919222,,0.5109638077026393,,0.022913881605438398,,0.1137398873184873,,0.047880564316816296,,0.10261036218600415,,0.26423081382130775,
1809,77.61855307806695,,65.92188947532861,,3.349170127819357,,146.8896126812149,,14.674127927880871,,9.529281969962646,,15.062918986213422,,39.26632888405694,,107.62328379715798,,0.5284141721206489,,0.4487852358790996,,0.022800592000251547,,0.0998990170920199,,0.06487376333848353,,0.10254584181458432,,0.26731862224508773,
1810,72.00371064005977,,66.70484325431526,,3.2466759276453767,,141.9552298220204,,14.848412433466345,,10.311472281467557,,14.652239899158857,,39.81212461409276,,102.14310520792766,,0.5072283052222595,,0.4699005689184398,,0.02287112585930064,,0.10459926310628273,,0.07263890378956661,,0.10321733068608628,,0.2804554975819356,
1811,75.89067839804773,,56.56182448276051,,3.0872451951698756,,135.5397480759781,,12.590589482496544,,11.061509273036863,,13.847030248750496,,37.4991290042839,,98.04061907169421,,0.5599145599378456,,0.4173080242930231,,0.022777415769131358,,0.09289223022193288,,0.08161081476141027,,0.10216213653420995,,0.2766651815175531,
1812,118.75602070410025,,54.73393617522393,,4.028678313987791,,177.51863519331198,,16.02380155522625,,16.123229637936515,,17.58145820820365,,49.72848940136642,,127.79014579194556,,0.6689777699945633,,0.30832783338842407,,0.022694396617012585,,0.09026546163886881,,0.09082556104816177,,0.09904007085823985,,0.28013109354527044,
1813,120.51745568407674,,56.84253253088447,,4.11928094794569,,181.4792691629069,,17.618672204211556,,14.551570245139207,,17.748211432102533,,49.918453881453296,,131.56081528145359,,0.6640838716178259,,0.3132177729890412,,0.02269835539313293,,0.09708366297417673,,0.08018309921711679,,0.09779745925784313,,0.27506422144913667,
1814,84.34835413220983,,68.38419945732464,,3.547391871440641,,156.2799454609751,,11.278111239622353,,10.3701362972253,,14.545342719494897,,36.19359025634255,,120.08635520463257,,0.5397260274401144,,0.4375750148594783,,0.022698957700407345,,0.07216608123553912,,0.06635615508206613,,0.09307235599929893,,0.23159459231690419,
1815,78.43722534150085,,69.51983727009211,,3.430190889001867,,151.38725350059482,,10.187451602890038,,10.055547150006117,,13.932424026096513,,34.17542277899267,,117.21183072160215,,0.51812304885492,,0.45921856472426825,,0.02265838642081177,,0.06729398524196101,,0.06642268036104246,,0.09203168499283046,,0.22574835059583392,
1816,113.10284653604447,,62.30870879011428,,4.061273656293826,,179.47282898245257,,12.388014333917825,,15.53182841094438,,16.821805206891845,,44.741647951754054,,134.7311810306985,,0.6301948165485416,,0.34717627812177815,,0.022628905329680326,,0.0690244557025901,,0.0865413918028949,,0.09372898004820857,,0.2492948275536936,
1817,146.46177388483684,,66.97541161856302,,4.930557004790744,,218.36774250819062,,17.969804937741678,,20.810662695609324,,20.960874217193812,,59.74134185054481,,158.6264006576458,,0.6707115813103361,,0.30670927330785075,,0.022579145381813007,,0.08229148101884902,,0.09530099297898247,,0.09598887627098862,,0.2735813502688201,
1818,107.76099094258083,,70.89757005541585,,4.137748008358086,,182.79630900635476,,9.491481389709925,,15.729264828768102,,16.903462073139536,,42.12420829161756,,140.6721007147372,,0.5895140417678489,,0.387850118204253,,0.02263584002789816,,0.05192381313005593,,0.08604804393627712,,0.09247157212869053,,0.23044342919502359,
1819,90.05244015004035,,66.21046431641334,,3.617347902133685,,159.88025236858738,,9.721695972987492,,12.464224820492378,,15.071925173386969,,37.25784596686684,,122.62240640172054,,0.5632492994971873,,0.4141253427832473,,0.022625357719565416,,0.06080610850285079,,0.07795975197585626,,0.09427008620576983,,0.23303594668447689,
1820,82.39747319131347,,63.815333972558136,,3.39094191063201,,149.6037490745036,,10.596495837993094,,10.163811718635818,,14.372035104627297,,35.13234266125621,,114.47140641324741,,0.5507714459099484,,0.4265623981172938,,0.02266615597275774,,0.07083041637356276,,0.06793821532890981,,0.0960673458622346,,0.23483597756470717,
1821,58.93165626894226,,53.87955792257986,,2.6238090602035715,,115.4350232517257,,7.965124323097097,,7.322517145175934,,11.374224828649401,,26.661866296922433,,88.77315695480327,,0.5105179919306791,,0.46675225945150395,,0.02272974861781688,,0.06900093315464396,,0.0634341029169972,,0.0985335690005101,,0.23096860507215128,
1822,58.01485010224979,,43.51598151320309,,2.3645880309444185,,103.8954196463973,,5.73811290171733,,7.156645078916398,,10.382341207721606,,23.277099188355333,,80.61832045804196,,0.5583966097802996,,0.4188440805312446,,0.02275930968845568,,0.05522970041650249,,0.06888316254242652,,0.09993069225820896,,0.22404355521713795,
1823,72.8852744717135,,45.30020159669437,,2.736894041710193,,120.92237011011807,,9.79567396537276,,8.325654884603876,,12.161023824923706,,30.28235267490034,,90.64001743521773,,0.6027443425508486,,0.37462217747999565,,0.022633479969155733,,0.08100795540521015,,0.06885123800519384,,0.10056885102276161,,0.2504280444331656,
1824,48.868583964036674,,50.66252544737633,,2.3217497269443155,,101.85285913835732,,5.682041847815671,,5.662106703018306,,10.034128634966034,,21.378277185800012,,80.4745819525573,,0.4797958975079276,,0.49740896697417364,,0.022795135517898833,,0.055786768244739826,,0.05559104330421279,,0.09851592503000466,,0.20989373657895727,
1825,58.52268109753469,,60.13439391721432,,2.775907846824222,,121.43298286157322,,8.046942079602672,,6.641353397973117,,11.808629981922145,,26.496925459497934,,94.93605740207529,,0.48193398299576695,,0.49520642991833735,,0.022859587085895774,,0.06626652734682252,,0.05469151165910078,,0.09724400820643037,,0.21820204721235367,
1826,64.69452270879665,,56.11085177654348,,2.813586734638685,,123.61896121997881,,6.439545670985305,,8.16351475347618,,12.120674258248508,,26.723734682709992,,96.89522653726883,,0.5233381842909466,,0.4539016605769298,,0.022760155132123566,,0.05209189276009359,,0.06603772328218549,,0.09804866614822849,,0.21617828219050758,
1827,90.22940903956557,,59.861159299554664,,3.480654013278885,,153.5712223523991,,13.601129720364696,,10.51406878263633,,15.174111210363987,,39.289309713365014,,114.28191263903409,,0.5875411268949634,,0.389794118862918,,0.022664754242118657,,0.08856561478135697,,0.06846379563555045,,0.0988082987028913,,0.25583770911979875,
1828,68.8831024480125,,60.56365279270327,,3.0129095969365216,,132.4596648376523,,9.230119758663173,,9.355419641647115,,12.994755956207888,,31.580295356518178,,100.87936948113412,,0.5200307771610195,,0.45722335827236493,,0.02274586456661551,,0.06968249368572664,,0.07062844114178818,,0.0981034941628062,,0.23841442899032103,
1829,83.79325182746042,,59.49017357644786,,3.324115577409631,,146.60754098131792,,11.091804695295142,,10.626908974240568,,14.30955970538048,,36.02827337491619,,110.57926760640174,,0.571548034068303,,0.40577840115351665,,0.022673564778180274,,0.07565644046037551,,0.07248541857471537,,0.0976045270904853,,0.24574638612557617,
1830,77.54971146806612,,62.69893914174932,,3.2554307456459513,,143.50408135546138,,9.537668656286959,,11.111636511446527,,13.880699883067022,,34.53000505080051,,108.97407630466087,,0.5404007379830161,,0.4369139786794166,,0.022685283337567308,,0.06646269964031222,,0.07743080480005907,,0.09672686485260554,,0.24062036929297684,
1831,100.29110097033784,,65.03038301750456,,3.831652877332592,,169.153136865175,,12.999126726523103,,12.174541914501356,,16.001367905472133,,41.17503654649659,,127.9781003186784,,0.5929012185583986,,0.3844468049642946,,0.022651976477306743,,0.07684827469019491,,0.07197349183187293,,0.09459693270853242,,0.24341869923060028,
1832,92.18891450542922,,67.0027030233671,,3.7123532188835586,,162.9039707476799,,12.723820414537013,,11.014152847153378,,15.47813083699215,,39.21610409868254,,123.68786664899736,,0.5659095605976332,,0.411301840684699,,0.022788598717667724,,0.07810626319382229,,0.06761132215870339,,0.09501383401492436,,0.24073141936745004,
1833,71.58474134891217,,58.95768868076125,,3.0450754655946874,,133.58750549526812,,10.300919606876455,,8.675099249940113,,12.884071450596906,,31.860090307413472,,101.72741518785465,,0.5358640471915079,,0.4413413399866923,,0.022794612821799783,,0.07710990312070264,,0.06493945086988243,,0.09644668041992356,,0.2384960344105086,
1834,63.853643219088106,,55.74577692088572,,2.7871499799754775,,122.3865701199493,,7.8874652681340764,,7.85768765673768,,11.881029026672053,,27.62618195154381,,94.76038816840548,,0.5217373373279934,,0.45548933078400755,,0.02277333188799909,,0.06444714694107112,,0.06420383910617378,,0.09707788211588599,,0.2257288681631309,
1835,75.14379395326192,,59.08435861332114,,3.123984040490808,,137.35213660707387,,8.515098425606123,,8.425633246382054,,13.02592608912174,,29.966657761109918,,107.38547884596396,,0.5470886424448376,,0.430167015037742,,0.02274434251742042,,0.061994655750899914,,0.061343299452890486,,0.09483599171365843,,0.21817394691744885,
1836,79.09189658893216,,67.55115528253178,,3.4052013561511987,,150.04825322761513,,10.330607579278366,,8.83353259883262,,14.209359841853853,,33.373500019964844,,116.6747532076503,,0.527109745615992,,0.4501962124148177,,0.022694041969190348,,0.06884856942391318,,0.05887127913067156,,0.0946986021909833,,0.22241845074556807,
1837,78.12820713427446,,66.96038234161993,,3.364472359731372,,148.45306183562576,,9.630228931115976,,8.671875985577724,,14.118611615982662,,32.420716532676366,,116.0323453029494,,0.5262822212503889,,0.45105423568670905,,0.022663543062902095,,0.06487053087378568,,0.0584149351879292,,0.0951048866315432,,0.21839035269325813,
1838,89.6811815175382,,71.08675750801194,,3.730038823963869,,164.49797784951403,,11.869855856011885,,10.680750170426466,,15.837810640143775,,38.388416666582124,,126.10956118293191,,0.5451810574813285,,0.4321436557295768,,0.022675286789094647,,0.07215806547403678,,0.06492937062240015,,0.09627966767246535,,0.23336710376890224,
1839,108.61208610132189,,75.73256675543189,,4.264408901593213,,188.609061758347,,13.226014659412938,,12.331045010726035,,17.61239185878504,,43.16945152892401,,145.43961022942298,,0.575858259877671,,0.4015319627243748,,0.022609777397954153,,0.07012396189297948,,0.0653788577058139,,0.0933804118136736,,0.22888323141246694,
1840,111.26446973727249,,79.28593803206745,,4.414929126044953,,194.9653368953849,,14.29417800624851,,12.089658527052709,,18.387843258446015,,44.77167979174723,,150.19365710363766,,0.5706884695969064,,0.4066668429096755,,0.02264468749341802,,0.07331650966201507,,0.062009271594467154,,0.09431339719794715,,0.22963917845442935,
1841,90.04051769743228,,76.95171021390402,,3.8752599899638938,,170.8674879013002,,11.014381163257829,,10.899510135146416,,16.176366843660002,,38.09025814206425,,132.77722975923595,,0.5269610901603659,,0.4503589954945341,,0.02267991434509997,,0.06446153857906643,,0.06378925721341677,,0.09467200017012078,,0.222922795962604,
1842,106.24361305190203,,73.15848254528274,,4.1605616139893815,,183.56265721117416,,11.229285637503615,,12.115843400777251,,16.83583406900438,,40.180963107285244,,143.38169410388892,,0.5787866370319387,,0.39854774199046245,,0.02266562097759888,,0.061174128813058205,,0.06600385712895267,,0.0917170971742695,,0.21889508311628034,
1843,101.93527203295137,,66.49361840046969,,3.9130221515012464,,172.3419125849223,,10.031509191144883,,11.114910817755597,,15.804760675573833,,36.951180684474316,,135.390731900448,,0.5914711662650388,,0.38582383938500525,,0.02270499434995585,,0.05820702022325421,,0.06449337048107012,,0.09170584472761935,,0.2144062354319437,
1844,82.95735203011586,,65.61166422844578,,3.4625420629009773,,152.0315583214626,,9.972204648276426,,9.330999153140183,,14.341159479404562,,33.644363280821175,,118.38719504064143,,0.5456587628649242,,0.4315660837318619,,0.022775153403213937,,0.06559299107617336,,0.06137540952787108,,0.09433014854114004,,0.22129854914518451,
1845,94.89175994989755,,78.06704783897555,,4.021624507892456,,176.98043229676557,,13.72091108157728,,13.38298269507792,,17.257184437203275,,44.36107821385848,,132.6193540829071,,0.5361709128994582,,0.4411055325487657,,0.022723554551776028,,0.07752784250503855,,0.07561843149211532,,0.09750899697355221,,0.25065527097070606,
1846,120.78446301780762,,84.63442426630073,,4.759924107017258,,210.1788113911256,,13.196914329800055,,16.39092251507335,,19.629426122248226,,49.217262967121634,,160.96154842400398,,0.5746747839059647,,0.4026781943723289,,0.022647021721706417,,0.06278898544745158,,0.07798560857103326,,0.09339393439483996,,0.2341685284133248,
1847,186.31704450868057,,88.99781862157627,,6.378452609297484,,281.69331573955435,,24.317152679557616,,20.809582514468918,,26.617807494975164,,71.74454268900169,,209.94877305055266,,0.6614180532453388,,0.31593869520092244,,0.02264325155373875,,0.0863249190550214,,0.07387318531089629,,0.0944921515978932,,0.25469025596381084,
1848,100.40323827168261,,79.80322387582156,,4.188055631606617,,184.3945177791108,,12.62054295308941,,11.702754880594588,,17.321051292076657,,41.644349125760655,,142.75016865335016,,0.5445022958435092,,0.4327852304775088,,0.022712473678981916,,0.06844315712361777,,0.06346585040350011,,0.0939347411229754,,0.22584374865009327,
1849,92.80517225435811,,78.83786097573686,,3.9919632581283784,,175.63499648822335,,13.565800220644574,,9.792987926734536,,16.522262601859314,,39.881050749238426,,135.75394573898492,,0.5283979509207942,,0.448873302884275,,0.02272874619493073,,0.07723859419756464,,0.05575761165224935,,0.09407158557359133,,0.22706779142340533,
1850,92.03458830001817,,83.63564840087496,,4.101075739637856,,179.77131244053098,,13.518727243920322,,10,,16.70296910274319,,40.221696346663514,,139.54961609386746,,0.5119536985661356,,0.46523356405122723,,0.022812737382637217,,0.0751995802911678,,0.05562622792392439,,0.09291231663154595,,0.22373812484663816,
1851,102.86519375171743,,91.96123790147126,,4.6730738271393015,,199.499505480328,,19.03603706311889,,10.06031091357692,,18.065433354146506,,47.16178133084232,,152.3377241494857,,0.5156162843815201,,0.4609597285971181,,0.023423987021361805,,0.09541896867005503,,0.05042774862702071,,0.09055377511162743,,0.23640049240870317,
1852,103.49846999891025,,96.77760682168388,,5.8823467257269675,,206.1584235463211,,16.364184098787717,,11.643206461296073,,19.556229963884906,,47.563620523968694,,158.5948030223524,,0.5020336701190165,,0.4694331919934342,,0.028533137887549288,,0.07937674249391463,,0.056476986295347746,,0.09486020327222223,,0.2307139320614846,
1853,111.65662421071974,,110.32339742036652,,6.3468541986936415,,228.3268758297799,,18.891384819214355,,13.449887868516209,,20.599269178378538,,52.9405418661091,,175.3863339636708,,0.4890209433512371,,0.48318182876821636,,0.027797227880546522,,0.08273833183483,,0.05890628433309464,,0.09021832889149463,,0.23186294505941926,
1854,167.77133967582844,,117.92261669367772,,7.293745345669403,,292.98770171517555,,29.30100910645827,,18.377762033574815,,25.932130610386608,,73.6109017504197,,219.37679996475586,,0.5726224639931314,,0.4024831622738717,,0.02489437373299692,,0.10000764173693165,,0.0627253701298375,,0.08850928028233832,,0.2512422921491075,
1855,159.68997574668924,,122.90167007435218,,7.916065245027215,,290.5077110660686,,30.460435424386862,,17.47024602407167,,26.091392489256414,,74.02207393771495,,216.4856371283537,,0.5496927264363451,,0.42305820256317156,,0.02724907100048338,,0.10485241618064799,,0.06013694424826646,,0.0898130806700776,,0.254802441098992,
1856,169.62181178737808,,140.71707874954367,,7.35260624780366,,317.6914967847254,,29.519910876751908,,17.480964776894258,,27.72678033735888,,74.72765599100504,,242.96384079372038,,0.533919898719598,,0.44293624529993825,,0.023143855980463788,,0.0929200534969157,,0.05502496904643228,,0.08727580252532582,,0.23522082506867378,
1857,143.05264129302103,,135.0315047355992,,6.905185212444679,,284.9893312410649,,31.251361078980125,,14.644770227627427,,25.653819730827443,,71.549951037435,,213.43938020362992,,0.5019578826690063,,0.4738124902696082,,0.024229627061385556,,0.10965800348696361,,0.05138708232989889,,0.09001677227393315,,0.2510618580907956,
1858,132.0417353396472,,113.51293863921168,,6.620684725712,,252.1753587045709,,33.814692458360184,,12.883594989576773,,23.54669095900655,,70.2449784069435,,181.9303802976274,,0.5236107763183042,,0.4501349347625778,,0.026254288919117907,,0.13409197723388533,,0.05108982517467218,,0.09337427367989601,,0.2785560760884535,
1859,116.35529394947154,,114.36643449362307,,6.266272394551281,,236.9880008376459,,22.819484478957296,,11.397760464453242,,21.317916849265636,,55.53516179267618,,181.45283904496972,,0.4909754651636706,,0.48258322821994876,,0.0264413066163807,,0.0962896197204107,,0.048094251287690896,,0.08995357053486419,,0.23433744154296582,
1860,150.30769046957388,,125.42600200106352,,6.95365685823194,,282.68734932886935,,28.895046876959686,,16.646281956324735,,24.98111889098955,,70.52244772427397,,212.16490160459537,,0.5317099998511456,,0.44369159885944154,,0.024598401289412777,,0.10221556410486597,,0.058885839765538954,,0.08837013382557604,,0.249471537695981,
1861,133.87156059979927,,127.16094365073063,,7.402162213830988,,268.4346664643609,,35.18349222325705,,18.472345167046775,,25.292633667039027,,78.94847105734284,,189.48619540701804,,0.4987118927784721,,0.47371282303291234,,0.027575284188615583,,0.13106910775225164,,0.0688150506428695,,0.0942226799547779,,0.29410683834989904,
1862,151.55047606108903,,153.09940988805485,,7.762072949839244,,312.41195889898313,,35.72331195971495,,13.997420760561425,,27.826322064221777,,77.54705478449816,,234.86490411448497,,0.48509819084772016,,0.49005617591469597,,0.024845633237583813,,0.11434681337299865,,0.04480436923699013,,0.08906932424190356,,0.24822050685189237,
1863,148.08799134946523,,128.01535015227236,,6.70478589358568,,282.80812739532325,,32.32468616671787,,12.905457339392568,,26.63972897229341,,71.86987247840385,,210.93825491691942,,0.5236341427432193,,0.4526579604741208,,0.023707896782659988,,0.11429900004794705,,0.04563326188059892,,0.09419718314903684,,0.25412944507758284,
1864,140.9435873277352,,146.75472117433665,,7.479396836252672,,295.17770533832453,,32.179926447013614,,12.617436493023082,,27.735969121652555,,72.53333206168925,,222.6443732766353,,0.4774872382932497,,0.49717413788460224,,0.025338623822148066,,0.10901882447432766,,0.042745221826835884,,0.09396363146688994,,0.2457276777680535,
1865,137.58684075284154,,150.8128081791155,,7.547002485716485,,295.94665141767354,,32.64782609296132,,12.482200494231321,,27.239156889672074,,72.3691834768647,,223.57746794080884,,0.4649041984214356,,0.5095945754299863,,0.025501226148578034,,0.11031659232016447,,0.0421771979322551,,0.09204076734502085,,0.2445345575974404,
1866,142.9100421561691,,179.18471653040126,,9.03256022808924,,331.1273189146596,,31.10942927421251,,14.672657207526811,,29.97006909072901,,75.75215557246833,,255.37516334219129,,0.4315863838253734,,0.5411354071229079,,0.027278209051718783,,0.09395005333954412,,0.04431122522786574,,0.0905092010800024,,0.22877047964741226,
1867,161.8022680331291,,149.6925290398523,,9.245453299314722,,320.74025037229615,,35.66094860235421,,16.678402924754245,,29.57466164052815,,81.91401316763661,,238.82623720465955,,0.5044651173194468,,0.46670952231937884,,0.02882536036117435,,0.11118326608824776,,0.05199971910415032,,0.09220751560242173,,0.25539050079481984,
1868,166.70301895766164,,157.9692140125348,,9.510953843013462,,334.1831868132099,,34.30705940369182,,16.543308060816745,,30.06830293385854,,80.9186703983671,,253.2645164148428,,0.49883724117706585,,0.4727024585495707,,0.028460300273363437,,0.10265944175961068,,0.04950371147805096,,0.08997551079870776,,0.24213866403636938,
1869,159.8935970631123,,181.423052633875,,8.836952901678975,,350.1536025986663,,29.85037106799583,,15.52348847164079,,31.210327277345364,,76.58418681698198,,273.5694157816843,,0.4566384463174486,,0.5181241926041689,,0.025237361078382446,,0.0852493615557892,,0.044333367860370884,,0.08913324622599283,,0.2187159756421529,
1870,162.51293942374403,,179.5019510159023,,9.29478615544007,,351.3096765950864,,34.499065479993156,,16.091751181616203,,32.269934404957596,,82.86075106656695,,268.44892552851945,,0.46259169687219776,,0.5109507735615072,,0.026457529566295105,,0.09820129583209915,,0.0458050325786024,,0.09185609322726222,,0.23586242163796375,
1871,154.71926933696145,,190.44890692464918,,10.269076637067673,,355.4372528986783,,34.9109969910781,,17.109124183379617,,32.11223073671256,,84.13235191117028,,271.30490098750806,,0.43529277833200575,,0.5358158307028638,,0.028891390965130485,,0.09821985936018333,,0.04813542768477557,,0.09034570933358677,,0.23670099637854566,
1872,173.79047449950613,,189.97833092776042,,10.589115444944712,,374.35792087221125,,38.4288283584684,,16.95970408010558,,35.327555934026066,,90.71608837260004,,283.6418324996112,,0.4642361355533607,,0.5074777915347232,,0.02828607291191617,,0.10265263860033631,,0.04530344660690337,,0.09436839442776285,,0.24232447963500253,
1873,164.52377302784544,,193.89162143758674,,10.761952210805937,,369.17734667623813,,31.784872030811233,,15.663846039504222,,36.92669701189609,,84.37541508221155,,284.8019315940266,,0.44564969792723985,,0.525199130399586,,0.029151171673174128,,0.08609648538019857,,0.04242905525089309,,0.10002427652821325,,0.22854981715930492,
1874,176.41072774213714,,207.66092323565024,,11.473958721454885,,395.5456096992423,,42.99117266870234,,16.754750731664323,,38.4846108828625,,98.23053428322916,,297.31507541601314,,0.44599339094238233,,0.5249986806668077,,0.02900792839080996,,0.10868828174174701,,0.042358580959611696,,0.0972950019900985,,0.2483418646914572,
1875,165.5622130412294,,197.67312636633628,,10.748470542227711,,373.9838099497934,,37.81419256500388,,15.104836201336509,,36.472409645601964,,89.39143841194235,,284.5923715378511,,0.44269887796334234,,0.5285606518444569,,0.02874047019220076,,0.10111184377227549,,0.0403890109664488,,0.0975240335951931,,0.23902488833391738,
1876,173.849477347745,,208.06885348053973,,11.958233674728987,,393.8765645030137,,43.42833144159027,,17.146600709652905,,38.27685897457001,,98.85179112581318,,295.0247733772005,,0.4413806075695443,,0.528259034002384,,0.030360358428071672,,0.11025873422143648,,0.043532929488425326,,0.0971798335421836,,0.2509714972520454,
1877,166.65677074312168,,207.87074034965457,,12.31998450153875,,386.847495594315,,35.199354967520904,,18.913413451737398,,38.62046196818717,,92.73323038744547,,294.1142652068695,,0.4308074180164625,,0.5373454467639815,,0.03184713521955602,,0.09099026197247065,,0.04889113582777798,,0.09983381670561015,,0.23971521450585878,
1878,163.79854381666107,,191.4006602780073,,12.0099864435327,,367.2091905382011,,33.4374733626686,,18.632580533831185,,37.173991866017076,,89.24404576251686,,277.9651447756842,,0.4460633013476305,,0.5212305824848241,,0.03270611616754535,,0.09105837823301993,,0.05074105173272569,,0.10123382753991783,,0.24303325750566346,
1879,137.14580227574672,,177.21537780801384,,12.70881420994508,,327.06999429370563,,32.138237747378454,,20.557004554720926,,35.017186936824274,,87.71242923892366,,239.357565054782,,0.41931636857091553,,0.5418270734088685,,0.038856558020215974,,0.09826103986328576,,0.0628520038932735,,0.10706328170654256,,0.26817632546310183,
1880,162.12166800171812,,204.60957109509718,,13.57267477852609,,380.3039138753414,,35.42100410794613,,19.02701528507694,,37.39365622292618,,91.84167561594926,,288.4622382593921,,0.4262950290195001,,0.5380159489028176,,0.03568902207768242,,0.09313867887133202,,0.0500310793312365,,0.09832572019015122,,0.24149547839271976,
1881,168.53928193756832,,192.50793271202951,,13.261382532905548,,374.3085971825034,,53.65834248005329,,17.471835659422428,,38.58472928084471,,109.71490742032043,,264.593689762183,,0.4502682631555824,,0.5143027281795709,,0.03542900866484676,,0.14335321946637214,,0.046677623198976656,,0.10308266914326784,,0.2931135118086166,
1882,151.69650428707786,,202.78921053108078,,13.233147127534693,,367.71886194569333,,32.9130999329484,,18.201365821300804,,36.13546626237882,,87.24993201662802,,280.4689299290653,,0.412533921932678,,0.5514789463289206,,0.03598713173840137,,0.08950615086426864,,0.049498047842835104,,0.09826927580265245,,0.2372734745097562,
1883,170.28241982482578,,206.18581470580568,,13.40169482475557,,389.86992935538706,,57.540612478619146,,17.203227961499657,,39.79869713734656,,114.54253757746537,,275.3273917779217,,0.4367672574962927,,0.5288579579520646,,0.03437478455164265,,0.147589255149165,,0.04412555743897346,,0.10208198719801224,,0.2937967997861507,
1884,151.6551831375999,,193.22140009858865,,12.916533517178543,,357.7931167533671,,44.53219244605162,,13.96226873799077,,36.613628413648364,,95.10808959769075,,262.6850271556763,,0.4238627744259776,,0.5400366609952965,,0.036100564578725895,,0.12446352476017145,,0.039023301690890834,,0.10233184122121267,,0.2658186676722749,
1885,138.36750862988896,,177.24150861128922,,12.25444025863513,,327.8634574998133,,39.344333839122235,,13.37400368981324,,33.78645389219173,,86.50479142112721,,241.3586660786861,,0.42202784563134105,,0.5405954965609125,,0.03737665780774641,,0.12000219280047286,,0.04079138246085523,,0.1030503800266029,,0.263843955287931,
1886,133.92104400824846,,179.6898675107858,,12.30287738254576,,325.91378890158,,38.17643172557281,,13.252265506056016,,32.981457965530694,,84.41015519715953,,241.50363370442048,,0.4109094139882807,,0.5513417156002837,,0.037748870411435716,,0.11713659570599326,,0.0406618742665655,,0.10119687809677329,,0.25899534806933205,
1887,148.73660843276758,,173.45950849742934,,12.752761599459394,,334.9488785296563,,45.87286135077883,,14.37613860378596,,34.034392378914376,,94.28339233347916,,240.66548619617717,,0.444057639737995,,0.5178686050804951,,0.03807375518150978,,0.13695481397683573,,0.0429203962912003,,0.10161070706764876,,0.28148591733568473,
1888,114.84893906472017,,176.37266689779574,,13.00767952680305,,304.22928548931895,,28.756358930774766,,13.921592736162376,,32.06799724580094,,74.74594891273809,,229.48333657658088,,0.377507835512937,,0.5797359929177098,,0.04275617156935318,,0.09452199476629398,,0.04576019929761543,,0.10540733182284912,,0.24568952588675855,
1889,149.00342725283573,,188.20883661208,,14.400230480414882,,351.6124943453306,,44.86660229519247,,14.458439070944955,,35.748480134557674,,95.07352150069511,,256.5389728446355,,0.42377170791460667,,0.5352734605250793,,0.04095483156031402,,0.12760241179349974,,0.04112037912038709,,0.10167010760274028,,0.2703928985166271,
1890,132.9739401347048,,202.59782051676476,,15.295990603539309,,350.8677512550089,,49.1780535320353,,14.362582079281754,,37.331264657072005,,100.87190026838906,,249.99585098661984,,0.37898592748713467,,0.5774193262050968,,0.043594746307768426,,0.14016122415392043,,0.04093446042820591,,0.10639696730047964,,0.287492651882606,
1891,140.39232186258508,,200.11903792350324,,17.334353024224765,,357.8457128103131,,52.18915641849122,,18.466036793929515,,39.227972851326506,,109.88316606374724,,247.96254674656586,,0.3923264044719861,,0.5592327384667659,,0.04844085706124796,,0.14584262029752373,,0.051603347847618324,,0.10962258718499857,,0.3070685553301406,
1892,164.20297242587506,,192.42253382163952,,17.01406513351657,,373.63957138103115,,77.99480333978062,,14.629271250999794,,40.44086896911031,,133.06494355989074,,240.5746278211404,,0.439468902661875,,0.5149950609096764,,0.04553603642844864,,0.20874342364621457,,0.039153431198220484,,0.1082349731310162,,0.3561318279754513,
1893,139.73506250474216,,193.37864018581115,,17.11599776377174,,350.22970045432504,,71.85769118884677,,12.238641413105688,,38.39016675498965,,122.4864993569421,,227.74320109738295,,0.398981189554955,,0.5521480329479667,,0.04887077749707841,,0.20517303671171097,,0.03494461319879346,,0.10961425231837606,,0.3497319022288805,
1894,117.76220487481442,,188.68085114871968,,16.401739707238193,,322.8447957307723,,49.09860795439778,,12.73193252989616,,34.93503175993847,,96.7655722442324,,226.07922348653992,,0.3647641418789325,,0.5844320665650902,,0.050803791555977196,,0.15208115045887943,,0.03943669744180609,,0.10820998889222173,,0.29972783679290727,
1895,128.1747149109737,,189.16420705362933,,16.07808528672488,,333.4170072513279,,54.34099122699756,,12.058612196929806,,36.448860221688044,,102.84846364561541,,230.5685436057125,,0.38442764503118554,,0.5673502039175776,,0.04822215105123689,,0.16298206163801243,,0.036166757947773465,,0.10931913918300243,,0.3084679587687883,
1896,141.01429263062695,,210.64288693140696,,17.12204207377021,,368.7792216358041,,71.8223800299993,,11.936291360957009,,40.50283740319041,,124.26150879414672,,244.51771284165739,,0.3823813391793767,,0.5711896836189754,,0.04642897720164791,,0.19475712246317672,,0.03236703876105295,,0.1098294996760687,,0.3369536609002984,
1897,140.55652207908088,,204.07485633838792,,18.662353763982917,,363.29373218145173,,71.58774403510293,,13.113558455452374,,42.72236189617821,,127.4236643867335,,235.87006779471824,,0.38689498229184455,,0.561735142285527,,0.05136987542262844,,0.1970519656511649,,0.036096297001079664,,0.11759729968267103,,0.3507455623349156,
1898,155.74355029194035,,231.00305822061298,,19.797362822621388,,406.5439713351747,,88.16629665481639,,14.69574132543526,,47.189295471559575,,150.05133345181122,,256.4926378833635,,0.3830915258205557,,0.5682117421688755,,0.04869673201056885,,0.2168677999707141,,0.036147975032495,,0.11607427190859612,,0.3690900469118052,
1899,161.7344856552585,,234.04987421056305,,20.84607198760148,,416.63043185342303,,96.45979485251479,,13.489871207490234,,50.65676617608109,,160.6064322360861,,256.0239996173369,,0.38819652452118325,,0.5617685514938702,,0.050034923984946564,,0.23152364176424545,,0.032378506647916146,,0.1215868124436549,,0.38548896085581646,
1900,148.41408682830755,,251.7954474101387,,22.970608884845124,,423.1801431232914,,92.22378690662254,,13.161407449025717,,52.45395674901871,,157.83915110466697,,265.34099201862443,,0.350711367818286,,0.5950077088961601,,0.05428092328555396,,0.2179303268484259,,0.031101193340234794,,0.12395183848155303,,0.37298335867021376,
1901,175.60164632306225,,256.57400840342916,,24.697280367191873,,456.8729350936833,,102.24817240396585,,14.19296837239163,,55.764199448022005,,172.20534022437948,,284.6675948693038,,0.3843555457866082,,0.5615872350828088,,0.05405721913058303,,0.22380002085919037,,0.03106546105533985,,0.122056254955412,,0.37692173686994224,
1902,166.21482789199993,,274.89831931963204,,25.81772384500185,,466.9308710566338,,104.7676480113039,,14.388918933939662,,58.16322048246289,,177.31978742770644,,289.61108362892736,,0.3559730962227165,,0.5887345137355242,,0.05529239004175938,,0.22437507242607801,,0.03081595119504197,,0.12456494973408666,,0.3797559733552066,
1903,150.7250447399271,,274.5596420094519,,27.490700892217692,,452.77538764159675,,100.78022273499714,,14.574569986340778,,59.53996411412181,,174.89475683545973,,277.88063080613705,,0.33289142664096505,,0.6063925944375426,,0.060715978921492296,,0.22258326200091888,,0.032189404248001145,,0.131500001411852,,0.386272667660772,
1904,181.70553955019446,,274.44311597614404,,28.92697534397619,,485.0756308703147,,112.70260845898237,,15.630631943936738,,63.3767296578345,,191.70997006075362,,293.36566080956106,,0.37459218312860076,,0.5657738680538182,,0.05963394881758106,,0.23234028115733873,,0.03222308223542897,,0.13065329533071993,,0.39521665872348766,
1905,174.40868317180315,,291.7142543767904,,29.52725459624119,,495.6501921448347,,113.36474238945925,,15.100383749847143,,66.02432585794725,,194.48945199725364,,301.16074014758107,,0.3518785747203724,,0.5885486558866261,,0.059572769393001636,,0.2287192543977321,,0.030465808324421344,,0.13320750582631505,,0.3923925685484685,
1906,185.17851886185264,,319.4164298842611,,32.294664463562825,,536.8896132096766,,134.39332893129682,,15.417939268910537,,76.81117938860928,,226.62244758881664,,310.26716562085994,,0.34490985540734076,,0.5949387397806044,,0.06015140481205489,,0.2503183627037518,,0.02871714946530214,,0.14306698713988994,,0.4221024993089439,
1907,194.13366059453827,,304.9396064741628,,34.16610568851185,,533.2393727572129,,137.6302140743475,,16.327942297070837,,71.60927008448888,,225.56742645590722,,307.6719463013057,,0.3640647531159116,,0.571862510634607,,0.0640727362494815,,0.25810212280969613,,0.03062028636903571,,0.1342910402775022,,0.42301344945623404,
1908,198.14316534228468,,325.7657837771139,,35.751600104841465,,559.6605492242401,,152.9060761383227,,16.528151714853436,,84.72112316325519,,254.15535101643133,,305.50519820780875,,0.35404168762106963,,0.5820774471751962,,0.06388086520373408,,0.27321217539858716,,0.02953245809046847,,0.1513794804380786,,0.45412411392713425,
1909,198.3216870891921,,358.12984676313835,,42.10172529255148,,598.553259144882,,155.1489604439176,,16.849515072308492,,92.09218994116156,,264.0906654573877,,334.4625936874943,,0.3313350717904747,,0.5983257818607112,,0.07033914634881405,,0.2592066087244598,,0.02815040234912497,,0.15385797092263484,,0.4412149819962196,
1910,191.29174342752725,,383.4439077540478,,42.620837269470144,,617.3564884510453,,148.02441226071036,,16.729655736846542,,84.399148907647,,249.1532169052039,,368.2032715458414,,0.30985621274910463,,0.6211061435769681,,0.06903764367392709,,0.23977137201895354,,0.027098857871926552,,0.1367105561964781,,0.40358078608735815,
1911,235.70932341511846,,383.5817845643568,,46.908754204145566,,666.1998621836208,,154.22370328738307,,18.41395889783476,,92.59550818148239,,265.2331703667002,,400.96669181692056,,0.35381172647278525,,0.5757758389608197,,0.070412434566395,,0.23149765114312693,,0.027640292265265327,,0.13899058441408207,,0.3981285278224743,
1912,242.6779484903391,,402.4444892268626,,51.60719514866212,,696.7296328658638,,194.60222329767223,,18.121894334068074,,100.73868743104737,,313.46280506278765,,383.2668278030761,,0.3483100718597685,,0.5776193091881054,,0.07407061895212612,,0.2793080904241338,,0.026009937684905313,,0.1445879185828197,,0.4499059466918588,
1913,204.19545026714277,,418.47818284730704,,53.11043613707165,,675.7840692515215,,187.3,,16.43318038020155,,107.19588951871033,,310.9290698989119,,364.8549993526096,,0.3021607930078962,,0.6192483692472969,,0.07859083774480687,,0.27715953737626275,,0.024317205935917453,,0.15862446955495316,,0.4601012128671334,
