year,agricultureOutputCurrentPrices,agricultureOutputCurrentPrices_state,fishingOutputCurrentPrices,fishingOutputCurrentPrices_state,industryOutputCurrentPrices,industryOutputCurrentPrices_state,servicesOutputCurrentPrices,servicesOutputCurrentPrices_state,grossDomesticProductOutputCurrentPrices,grossDomesticProductOutputCurrentPrices_state,foreignIncomeOutputCurrentPrices,foreignIncomeOutputCurrentPrices_state,grossNationalProductOutputCurrentPrices,grossNationalProductOutputCurrentPrices_state,grossDomesticProductPrimaryCompositionShare,grossDomesticProductPrimaryCompositionShare_state,grossDomesticProductSecondaryCompositionShare,grossDomesticProductSecondaryCompositionShare_state,grossDomesticProductTertiaryCompositionShare,grossDomesticProductTertiaryCompositionShare_state,wagesIncomeCurrentPrices,wagesIncomeCurrentPrices_state,capitalIncomeCurrentPrices,capitalIncomeCurrentPrices_state,profitIncomeCurrentPrices,profitIncomeCurrentPrices_state,depreciationIncomeCurrentPrices,depreciationIncomeCurrentPrices_state,indirectTaxesIncomeCurrentPrices,indirectTaxesIncomeCurrentPrices_state,grossNationalIncomeCurrentPrices,grossNationalIncomeCurrentPrices_state,grossDomesticIncomeCurrentPrices,grossDomesticIncomeCurrentPrices_state,grossNationalIncomeWagesCompositionShare,grossNationalIncomeWagesCompositionShare_state,grossNationalIncomeCapitalCompositionShare,grossNationalIncomeCapitalCompositionShare_state,grossNationalIncomeProfitCompositionShare,grossNationalIncomeProfitCompositionShare_state,publicConsumptionExpenditureCurrentPrices,publicConsumptionExpenditureCurrentPrices_state,publicInvestmentExpenditureCurrentPrices,publicInvestmentExpenditureCurrentPrices_state,privateConsumptionExpenditureCurrentPrices,privateConsumptionExpenditureCurrentPrices_state,privateInvestmentExpenditureCurrentPrices,privateInvestmentExpenditureCurrentPrices_state,stockBuildingExpenditureCurrentPrices,stockBuildingExpenditureCurrentPrices_state,goodsBalanceExpenditureCurrentPrices,goodsBalanceExpenditureCurrentPrices_state,servicesBalanceExpenditureCurrentPrices,servicesBalanceExpenditureCurrentPrices_state,indirectTaxesExpenditureCurrentPrices,indirectTaxesExpenditureCurrentPrices_state,grossDomesticExpenditureCurrentPrices,grossDomesticExpenditureCurrentPrices_state,foreignIncomeExpenditureCurrentPrices,foreignIncomeExpenditureCurrentPrices_state,grossNationalExpenditureCurrentPrices,grossNationalExpenditureCurrentPrices_state,grossDomesticExpenditureInvestmentCompositionShare,grossDomesticExpenditureInvestmentCompositionShare_state,grossDomesticExpenditureConsumptionCompositionShare,grossDomesticExpenditureConsumptionCompositionShare_state,grossDomesticExpenditureStockBuildingCompositionShare,grossDomesticExpenditureStockBuildingCompositionShare_state,grossDomesticExpenditureNetExportsCompositionShare,grossDomesticExpenditureNetExportsCompositionShare_state,expenditureDeflator,expenditureDeflator_state,outputDeflator,outputDeflator_state,incomeDeflator,incomeDeflator_state,population,grossDomesticIncomePerCapitaCurrentPrices,grossDomesticIncomePerCapitaCurrentPrices_state,grossDomesticProductPerCapitaCurrentPrices,grossDomesticProductPerCapitaCurrentPrices_state,grossDomesticExpenditurePerCapitaCurrentPrices,grossDomesticExpenditurePerCapitaCurrentPrices_state,grossDomesticIncomePerCapitaConstantPrices,grossDomesticIncomePerCapitaConstantPrices_state,grossDomesticProductPerCapitaConstantPrices,grossDomesticProductPerCapitaConstantPrices_state,grossDomesticExpenditurePerCapitaConstantPrices,grossDomesticExpenditurePerCapitaConstantPrices_state
1800,,blank,,blank,,blank,,blank,,blank,,blank,,blank,,blank,,blank,,blank,,blank,,blank,,blank,,blank,,blank,,blank,,blank,,blank,,blank,,blank,43.85504914239264,,2.7069702800056445,,,blank,29.910029719994352,,,blank,,blank,,blank,,blank,,blank,,blank,,blank,,blank,,blank,,blank,,blank,,blank,,blank,,blank,2115368,,blank,,blank,,blank,,blank,,blank,,blank
1801,,blank,,blank,,blank,,blank,,blank,,blank,,blank,,blank,,blank,,blank,,blank,,blank,,blank,,blank,,blank,,blank,,blank,,blank,,blank,,blank,36.994886002767764,,2.2835239927911637,,,blank,31.865476007208837,,,blank,,blank,,blank,,blank,,blank,,blank,,blank,,blank,,blank,,blank,,blank,,blank,,blank,,blank,2120846,,blank,,blank,,blank,,blank,,blank,,blank
1802,,blank,,blank,,blank,,blank,,blank,,blank,,blank,,blank,,blank,,blank,,blank,,blank,,blank,,blank,,blank,,blank,,blank,,blank,,blank,,blank,29.21573911227471,,1.8033530695300768,,,blank,28.218646930469923,,,blank,2.1429034392208024,,,blank,,blank,,blank,,blank,,blank,,blank,,blank,,blank,,blank,,blank,,blank,,blank,2126324,,blank,,blank,,blank,,blank,,blank,,blank
1803,,blank,,blank,,blank,,blank,,blank,,blank,,blank,,blank,,blank,,blank,,blank,,blank,,blank,,blank,,blank,,blank,,blank,,blank,,blank,,blank,21.485648533240372,,1.3262101665257742,,,blank,31.076789833474223,,,blank,-15.489689046482567,,,blank,,blank,,blank,,blank,,blank,,blank,,blank,,blank,,blank,,blank,,blank,,blank,2131802,,blank,,blank,,blank,,blank,,blank,,blank
1804,,blank,,blank,,blank,,blank,,blank,,blank,,blank,,blank,,blank,,blank,,blank,,blank,,blank,,blank,,blank,,blank,,blank,,blank,,blank,,blank,38.242355278178366,,2.36052452795856,,,blank,33.25747547204144,,,blank,17.96976010101649,,,blank,,blank,,blank,,blank,,blank,,blank,,blank,,blank,,blank,,blank,,blank,,blank,2139795,,blank,,blank,,blank,,blank,,blank,,blank
1805,,blank,,blank,,blank,,blank,,blank,,blank,,blank,,blank,,blank,,blank,,blank,,blank,,blank,,blank,,blank,,blank,,blank,,blank,,blank,,blank,29.594973308536385,,1.8267614505151033,,,blank,33.8382385494849,,,blank,8.725902749018132,,,blank,,blank,,blank,,blank,,blank,,blank,,blank,,blank,,blank,,blank,,blank,,blank,2149651,,blank,,blank,,blank,,blank,,blank,,blank
1806,,blank,,blank,,blank,,blank,,blank,,blank,,blank,,blank,,blank,,blank,,blank,,blank,,blank,,blank,,blank,,blank,,blank,,blank,,blank,,blank,33.32581499243593,,2.0570491313002965,,,blank,33.4749508686997,,,blank,-0.09943944373297597,,,blank,,blank,,blank,,blank,,blank,,blank,,blank,,blank,,blank,,blank,,blank,,blank,2161582,,blank,,blank,,blank,,blank,,blank,,blank
1807,119.29741856448038,,1.36,,142.71345218777395,,226.9275605217955,,490.29843127404985,,21.39075807925348,,511.68918935330333,,0.24608975038110925,,0.2910746661312587,,0.462835583487632,,180.10375299266641,,165.75439031004316,,81.63566620112674,,31.633149171270723,,35.9089225866931,,495.0358812618001,,473.6451231825466,,0.421301429374383,,0.38773518265076934,,0.19096338797484771,,39.124661410916126,,2.414985223497471,,383.00292352937436,,33.92301477650253,,9.1,,9.372129962480386,,0.0225215228209259,,35.9089225866931,,512.8691590122849,,21.39075807925348,,534.2599170915383,,0.07618664455620486,,0.8850372687328718,,0.01907915860700821,,0.019696928103915275,,126.73640024451579,,128.36949798606264,,126.73640024451579,,2163092,218.9667028413709,,226.66554694578403,,237.10002117907368,,172.7733330115995,,176.57274547446903,,187.0812337431318,
1808,94.57299195923848,,1.36,,135.14225781747734,,205.16927226945504,,436.24452204617086,,23.47766323033051,,459.72218527650136,,0.2199064678434752,,0.3097855697616629,,0.47030796239486194,,179.31644874762202,,181.38887120247347,,89.33580169059982,,32.88415094339623,,33.57952676829438,,516.5047993523859,,493.0271361220554,,0.39844458678330513,,0.40304954920828556,,0.19850586400840922,,28.549167870523892,,1.7622086955934004,,367.23676494039046,,35.5937913044066,,10.7,,12.958016630686352,,0.03705928305173851,,33.57952676829438,,490.4165354929468,,23.47766323033051,,513.8941987232773,,0.08177095832118854,,0.8663613613875684,,0.02342192028152686,,0.0284457600097162,,123.8319497662567,,128.57038045729698,,123.8319497662567,,2156215,228.65397751247227,,202.31958410741547,,227.443244524756,,184.64861285320632,,157.36095933434166,,183.67089022992403,
1809,107.62328379715798,,1.36,,112.0867886355101,,186.81201034442384,,407.8820827770919,,25.768169071642816,,433.65025184873474,,0.26719311389001976,,0.2748019424446395,,0.4580049436653408,,179.1146431175451,,197.8614411629942,,97.44870428253978,,35.31328545780969,,35.604506693300785,,545.3425807141896,,519.5744116425468,,0.3775406501419143,,0.41705544468338146,,0.20540390517470417,,27.736797544431035,,1.7120648154223457,,288.86083406781023,,37.403935184577655,,-55.8,,67.05442273868422,,0.06098124319696471,,35.604506693300785,,402.63354228742327,,25.768169071642816,,428.4017113590661,,0.1065746744986581,,0.8625956011893006,,-0.1520315685915002,,0.1828612929035415,,,blank,121.81627719473344,,,blank,2156407,,blank,,blank,,blank,,blank,,blank,,blank
1810,,blank,,blank,,blank,,blank,,blank,,blank,,blank,,blank,,blank,,blank,179.31063746751772,,218.64333391051542,,107.6839906975233,,34.10489236790607,,31.181741816485193,,570.9245962599477,,570.9245962599477,,0.35462257764721333,,0.43241083603181674,,0.2129665863209699,,25.34034447539673,,1.5641428004625362,,,blank,31.07085719953746,,,blank,,blank,,blank,,blank,,blank,,blank,,blank,,blank,,blank,,blank,,blank,,blank,,blank,,blank,2161439,,blank,,blank,,blank,,blank,,blank,,blank
1811,,blank,,blank,,blank,,blank,,blank,31.04137473027433,,,blank,,blank,,blank,,blank,180.18740776650102,,241.872138810043,,119.12440539472624,,31.862230919765164,,26.261095686452403,,599.3072785774879,,568.2659038472135,,0.33295038980769076,,0.446931469288807,,0.2201181409035022,,,blank,,blank,,blank,,blank,,blank,,blank,,blank,,blank,,blank,,blank,,blank,,blank,,blank,,blank,,blank,,blank,,blank,,blank,2165902,,blank,,blank,,blank,,blank,,blank,,blank
1812,,blank,,blank,,blank,,blank,,blank,,blank,,blank,,blank,,blank,,blank,181.07652277110006,,174.14264096653017,,85.76696208610134,,31.59051383399209,,,blank,472.5766396577236,,472.5766396577236,,0.4106172783392259,,0.3948936956718168,,0.19448902598895737,,,blank,,blank,,blank,,blank,,blank,,blank,,blank,,blank,,blank,,blank,,blank,,blank,,blank,,blank,,blank,,blank,,blank,,blank,2170531,,blank,,blank,,blank,,blank,,blank,,blank
1813,,blank,,blank,,blank,,blank,,blank,,blank,,blank,,blank,,blank,,blank,182.49338625288348,,116.9386532335498,,57.59343594777147,,30.512820512820507,,,blank,387.53829594702523,,387.53829594702523,,0.5111494803863504,,0.3275358798733681,,0.1613146397402815,,,blank,,blank,,blank,,blank,,blank,,blank,,blank,,blank,,blank,,blank,,blank,,blank,,blank,,blank,,blank,,blank,,blank,,blank,2181494,,blank,,blank,,blank,,blank,,blank,,blank
1814,120.08635520463257,,1.496,,86.74517762023875,,,blank,,blank,10.274200088159704,,,blank,,blank,,blank,,blank,183.27311882387153,,77.49817159728619,,38.168611135305554,,29.307465618860512,,34.625238737657256,,362.87260591298104,,352.5984058248213,,0.6130768019579855,,0.25924331677967205,,0.1276798812623424,,29.739982756210885,,1.8357122161133896,,300.0921348567616,,28.98928778388661,,8.1,,-8.598340484069453,,1.1260758228496495,,34.625238737657256,,395.91009168940997,,10.274200088159704,,406.1842917775697,,0.08532048810835831,,0.9129420038459777,,0.0224199822766489,,-0.020682474230984925,,,blank,,blank,,blank,2184849,,blank,,blank,,blank,,blank,,blank,,blank
1815,117.21183072160215,,2.04,,113.76863756058783,,237.9331386190675,,470.9536069012575,,17.987517649186184,,488.9411245504437,,0.25321354157630455,,0.2415707957077843,,0.5052156627159111,,186.52446594728912,,141.22290170897534,,69.553666978617,,26.875706214689266,,32.36192130097597,,456.5386621505467,,438.5511445013605,,0.46947893331993096,,0.3554556605641835,,0.17506540611588545,,51.394818445377126,,3.172365526856446,,345.07739851811897,,27.732634473143555,,30.3,,-14.676926281366292,,-9.457715809208512,,32.36192130097597,,465.90449617389726,,17.987517649186184,,483.89201382308346,,0.07128480982302322,,0.914494307922835,,0.06988932980545555,,-0.055668447551313914,,112.97327551245841,,117.92181436131594,,112.97327551245841,,2217626,197.75703590297033,,212.36836459405575,,210.09155564278976,,175.04762520686776,,180.09251786387273,,185.96571152760936,
1816,134.7311810306985,,1.768,,124.2860898269643,,247.49089558746692,,508.2761664451297,,37.541150175097634,,545.8173166202273,,0.2685531804203416,,0.24452472500573455,,0.4869220945739239,,189.0828693404918,,149.73865518500565,,73.7477592552677,,25.124914675767915,,33.88205109308618,,471.57624954961926,,434.0350993745216,,0.4583057362093112,,0.3629418404899361,,0.1787524233007527,,33.28305635303729,,2.054409837346029,,390.6987441952758,,30.18459016265397,,19.5,,-18.023365084309575,,-7.1374604722499,,33.88205109308618,,484.4420260848398,,37.541150175097634,,521.9831762599374,,0.0715531822385911,,0.9410107956350828,,0.04327947683403724,,-0.055843454707711175,,119.914000161156,,131.75407539000713,,119.914000161156,,2248563,193.02776901270795,,226.04488575375905,,215.4451647940662,,160.97183711100638,,171.5657637797088,,179.66639800567324,
1817,158.6264006576458,,1.904,,117.16551490205286,,273.3755817492386,,551.0714973089373,,40.25683552965446,,591.3283328385918,,0.29130594023020306,,0.21261399922552784,,0.49608006054426906,,190.50193126771245,,137.29808230124885,,67.62065484862427,,26.445350734094617,,32.20237583600621,,454.06839498768636,,413.8115594580319,,0.4817702929643833,,0.34722029794420023,,0.17100940909141657,,31.203744836284102,,1.9260635103256496,,420.90106821958454,,34.517936489674355,,30.8,,3.195508598491571,,-8.167491642709697,,32.20237583600621,,546.5792058476567,,40.25683552965446,,586.8360413773112,,0.07085078073826645,,0.8789369712582673,,0.05987828028587989,,-0.009666032282413483,,129.2537792547028,,140.37131499217256,,129.2537792547028,,2266016,182.6163449234392,,243.18958794154025,,241.20712556648172,,141.28511056035123,,173.24735324670934,,186.61514344672872,
1818,140.6721007147372,,0.952,,123.58569365484969,,259.44690266379484,,524.6566970333818,,29.19640832004339,,553.8531053534251,,0.2699367062605631,,0.23555535334563057,,0.4945079403938063,,192.2375812487395,,135.30808497971935,,66.64056161080627,,28.303448275862074,,32.47705702262937,,454.9667331377566,,425.77032481771323,,0.487682135173751,,0.34325929072005296,,0.169058574106196,,30.425106928028317,,1.8780017770075423,,399.86721815928223,,36.54999822299246,,9.9,,-29.213616654732135,,-4.290128500356123,,32.47705702262937,,477.59363695485166,,29.19640832004339,,506.7900452748951,,0.08633243903395244,,0.9666957927130707,,0.022241364276988893,,-0.07526959602401209,,115.1618135984852,,130.1255775794135,,115.1618135984852,,2291116,185.835341736391,,228.99612984824066,,208.45458586769578,,161.36889124055566,,175.9808748656567,,181.0101624436711,
1819,122.62240640172054,,0.816,,104.3844113190919,,226.78903496391777,,454.61185268473025,,27.448095747472365,,482.05994843220265,,0.27152483084800716,,0.22961216409700974,,0.498863005054983,,194.87227873555332,,140.8793003444828,,69.38443992981608,,28.83672787979966,,32.0639530372671,,466.0366999269189,,438.5886041794465,,0.48100457523332274,,0.34773333827189745,,0.17126208649477986,,27.823698903769362,,1.7174288362505319,,368.78187969755044,,34.78157116374947,,24.7,,-42.01766665232654,,-3.9917686468121847,,32.0639530372671,,443.85909633944806,,27.448095747472365,,471.3071920869204,,0.08863387680416748,,0.9631137837638001,,0.05998128050255998,,-0.1117289410705273,,103.8358020850401,,116.74504536979204,,103.8358020850401,,2319601,189.07933053117605,,195.9870911784959,,191.35148516466757,,182.09454420771237,,167.87615316581807,,184.28276309548158,
1820,114.47140641324741,,0.68,,114.06708972910454,,216.48728099443647,,445.70577713678847,,38.38210759342771,,484.08788473021616,,0.2583574463696195,,0.2559246381365548,,0.4857179154938256,,196.67813198491072,,144.97822667318306,,63.43635972291287,,28.497035881435263,,33.78799196706237,,467.3777462295043,,428.9956386360766,,0.4855138664821092,,0.35788899699950905,,0.15659713651838175,,30.11053231707676,,1.8585845345384864,,351.4592332352284,,36.24341546546151,,42.9,,-44.713270340198726,,-5.491529249456253,,33.78799196706237,,446.1549579297125,,38.38210759342771,,484.5370655231402,,0.09239828391940362,,0.9253160341336983,,0.10403355152334302,,-0.1217478695764448,,100.31497535714405,,105.62947789155564,,100.31497535714405,,2346663,182.8109271063108,,189.93173588912788,,190.12314845792196,,182.23692569874285,,179.80940517771094,,189.5261876714224,
1821,88.77315695480327,,0.816,,114.81513212553607,,205.69394785988965,,410.09823694022896,,37.20301607837689,,447.30125301860585,,0.21845779592527417,,0.2799698262108602,,0.5015723778638657,,187.6227379491483,,139.27708287268416,,64.37548593342756,,27.730048465266556,,33.97489253140869,,452.9802477519353,,415.7772316735584,,0.4795159181013818,,0.3559567406071986,,0.16452734129141958,,28.707528722159086,,1.7719835818898668,,344.6637869384221,,32.92001641811013,,28.1,,-47.09561553146538,,-1.8669799730117846,,33.97489253140869,,421.17561268751274,,37.20301607837689,,458.37862876588963,,0.08959694079601287,,0.9642836291989659,,0.07257217907206162,,-0.1264527490670404,,93.78238513938165,,97.643242494994,,93.78238513938165,,2383111,174.46826088820805,,172.08524359135137,,176.7335271783449,,186.0352139998456,,176.23876388596364,,188.4506636461413,
1822,80.61832045804196,,0.544,,117.90476953618811,,206.87709813725763,,405.9441881314877,,34.92342502321286,,440.86761315470056,,0.1999346777980056,,0.29044576319441745,,0.509619559007577,,186.00395040573252,,125.4569514667054,,65.23649157453478,,27.18435582822086,,34.43439650853184,,438.31614578372546,,403.3927207605126,,0.49377551754128635,,0.33304438429666444,,0.17318009816204913,,29.4711676808786,,1.8191194991065227,,328.464833277982,,33.92988050089348,,22.1,,-26.53464835350816,,-2.0353726224488655,,34.43439650853184,,421.6493764914355,,34.92342502321286,,456.57280151464835,,0.09232339100511658,,0.9243857274702136,,0.05707423819444114,,-0.07378335666977154,,92.41097329095543,,94.43839326383832,,92.41097329095543,,2416647,166.92248423560108,,167.97827242931538,,174.47702394740958,,180.63058778749854,,177.87074369215938,,188.80552572265378,
1823,90.64001743521773,,0.544,,132.41741138521965,,220.94322287130146,,444.54465169173886,,43.56530395878636,,488.1099556505252,,0.20511779207828051,,0.29787201551362275,,0.4970101924080967,,184.6137522164571,,129.0620750709034,,66.15603398846038,,26.726726726726728,,30.7436825297645,,437.3022705323121,,393.7369665735257,,0.4860407223247576,,0.3397873854957706,,0.17417189217947185,,33.89741489997162,,3.0243860807009475,,358.5308898522941,,33.53161391929905,,10.7,,-57.41453732414888,,-4.348855527443638,,30.7436825297645,,408.66459443043766,,43.56530395878636,,452.229898389224,,0.09672923315132084,,1.0383873778739332,,0.02831280213150052,,-0.16342941315675447,,95.75200150416151,,97.12595097568,,95.75200150416151,,2452365,160.55398220637045,,181.27181381716787,,166.6410156850378,,167.6768941476305,,186.63581874483546,,174.03397638408146,
1824,80.4745819525573,,0.816,,117.04919222281039,,214.29924274415697,,412.6390169195247,,43.04153832705937,,455.68055524658405,,0.19700168578196053,,0.2836600210436184,,0.5193382931744209,,184.82530719261294,,124.09397835781421,,67.26478806997895,,26.920179372197307,,31.65708932148203,,434.7613423140855,,391.7198039870261,,0.49131614056344536,,0.3298756833683315,,0.17880817606822302,,37.42006172287211,,1.5450952927357267,,319.16183140112213,,36.07890470726428,,-14.5,,-34.3033941841197,,-0.6997773436130359,,31.65708932148203,,376.35981091774346,,43.04153832705937,,419.4013492448028,,0.10914912370221351,,1.034462076402305,,-0.04206523213061067,,-0.10154596797390757,,88.6391269445894,,89.2248628615731,,88.6391269445894,,2495136,156.99336789137993,,165.37736496909375,,150.8373936000857,,177.11520104380148,,185.34897075231888,,170.17021579463213,
1825,94.93605740207529,,0.884,,121.05230119084527,,224.76222538443656,,441.6345839773571,,45.112110961386996,,486.7466949387441,,0.21696683384512305,,0.27410059262263686,,0.5089325735322401,,194.33618503159943,,137.00989671681103,,68.24227706011337,,29.521293375394325,,33.083311138445566,,462.19296332236377,,417.0808523609768,,0.4863409575070282,,0.34287759814960955,,0.17078144434336223,,36.760826923997,,1.9730803223358264,,335.08802787928875,,36.07991967766417,,-21.5,,-32.34214835879262,,0.37988708507138913,,33.083311138445566,,389.52290466801014,,45.112110961386996,,434.6350156293971,,0.10675862247285312,,1.043231059493516,,-0.060318776001007594,,-0.08967090596536142,,94.35215215121904,,96.50332677863841,,94.35215215121904,,2533014,164.65793412945084,,174.3514184988149,,153.77842549153306,,174.51423245285608,,180.6688166292404,,162.9834847275884,
1826,96.89522653726883,,1.02,,120.93844780522286,,217.27639819510128,,436.1300725375929,,51.38495109832146,,487.51502363591436,,0.2245092294772424,,0.2772990339821118,,0.4981917365406459,,200.72332254830008,,148.10291201646373,,68.72590562366065,,30.466960352422916,,32.31390299991121,,480.33300354075857,,428.94805244243713,,0.48071439044168646,,0.3546932173539593,,0.1645923922043542,,36.09894241520409,,1.7084816333378692,,342.2886105617676,,37.32251836666213,,-32.1,,-31.745641059443187,,1.2121117708501554,,32.31390299991121,,387.0989266882898,,51.38495109832146,,438.48387778661123,,0.11001309918392281,,1.0665262841233234,,-0.09047732530050275,,-0.08606205800674328,,92.50917067543138,,93.10193228321418,,92.50917067543138,,2552483,168.0512867049211,,170.86502536455401,,151.6558295151387,,181.65905658643226,,183.5246822211875,,163.93599511039125,
1827,114.28191263903409,,0.884,,137.2514081902127,,222.90904859972474,,475.3263694289715,,55.4830209420415,,530.809390371013,,0.2422880783521173,,0.28875193344543093,,0.4689599882024519,,200.5652793779299,,196.9827944327032,,69.14120551609504,,28.947774480712162,,34.26844870120088,,529.9055025086412,,474.42248156659974,,0.42976191710955197,,0.42208553561993434,,0.14815254727051363,,39.165671469248274,,3.0570766094200583,,358.76588624646445,,34.38292339057994,,6.9,,-51.52373786903374,,-1.1704448095161961,,34.26844870120088,,423.8458237383637,,55.4830209420415,,479.3288446804052,,0.09610414361570277,,1.0214442193357685,,0.01771150082661189,,-0.13525986377808336,,91.77022671446298,,95.20223165044914,,91.77022671446298,,2569405,184.6429354526047,,184.99472423731234,,164.958744821608,,201.2013504413681,,194.31763418797922,,179.7519203421675,
1828,100.87936948113412,,0.816,,138.9499251871625,,227.00359097025213,,467.6488856385488,,47.751517162673665,,515.4004028012224,,0.21746094688598414,,0.29712446550029525,,0.4854145876137206,,202.33036153450507,,149.2003340678643,,69.91625706915919,,28.11479820627802,,34.32947020826249,,483.8912210860691,,436.1397039233954,,0.4800850029925338,,0.354019249924793,,0.16589574708267305,,36.020473549381826,,0.44780218588753207,,363.10281941896307,,35.25819781411247,,5.7,,-49.222044725241275,,0.2702929816692965,,34.32947020826249,,425.90701143303534,,47.751517162673665,,473.658528595709,,0.09118500486089955,,1.0192701341347885,,0.014556503884700816,,-0.12501164288038866,,91.09510959483359,,90.62915879486631,,91.09510959483359,,2599737,167.7630098442248,,179.88315188749814,,163.82696073988845,,184.16247654829036,,198.4826454084749,,179.8416638045077,
1829,110.57926760640174,,0.612,,140.58275446120302,,227.32345022426045,,479.0974722918652,,51.9249936750984,,531.0224659669636,,0.23208485545643673,,0.29343246957387475,,0.4744826749696886,,203.03496707791226,,146.53699099163828,,70.44618923943631,,27.147017045454543,,33.84311092996573,,481.00827528440715,,429.08328160930876,,0.48339570177797425,,0.3488825231254548,,0.16772177509657096,,33.279380472629214,,1.256165397780925,,375.11514811678774,,35.584834602219075,,28.6,,-62.171365315568465,,-0.2534398699062912,,33.84311092996573,,445.253834333908,,51.9249936750984,,497.1788280090064,,0.08954798186878514,,0.9926686528985685,,0.06951690457499132,,-0.15173353934234515,,92.36268724123828,,91.94248516078271,,92.36268724123828,,2620932,163.7140076924196,,182.796605288449,,169.88377963789523,,177.2512391988139,,198.8162544973489,,183.9311790422282,
1830,108.97407630466087,,1.224,,135.60718646763866,,213.04045101998713,,458.8457137922867,,40.424842263412145,,499.2705560556988,,0.24016368245851386,,0.29553983483220725,,0.4642964827092788,,205.367342182525,,122.17092859946784,,71.11956064752515,,26.722877697841728,,31.58884300952457,,456.96955213688426,,416.54470987347213,,0.5151468903699026,,0.3064556092160138,,0.17839750041408373,,19.57375640173188,,0.009346007319948026,,381.17648343779143,,37.00865399268005,,2.8,,-41.445268171578896,,1.6358071591690626,,31.58884300952457,,432.34762183663804,,40.424842263412145,,472.7724641000502,,0.09236977941778161,,0.9999786929493718,,0.006986746511691299,,-0.09933521887884471,,95.52019322665576,,95.46402590366522,,95.52019322665576,,2646000,157.42430456291464,,173.41107853072057,,163.39668247794333,,164.8073556440252,,181.65070757199513,,171.05983243797084,
1831,127.9781003186784,,0.816,,136.33432738224906,,249.02410953177636,,514.1525372327038,,17.111694107256014,,531.2642313399598,,0.2504978406055917,,0.26516319090057233,,0.48433896849383595,,201.78990234642535,,123.02078375768383,,71.49845077457499,,25.310814606741573,,32.69917860541827,,454.31913009084406,,437.207435983588,,0.5091729752579388,,0.31041621883005494,,0.1804108059120062,,48.605371586419245,,0.5980451254241819,,415.2446302394402,,35.40295487457582,,17.9,,-58.53674714689527,,2.3503831969549047,,32.69917860541827,,494.26381648133736,,17.111694107256014,,511.3755105885934,,0.07799774299364334,,1.0049513410742585,,0.038781133845899166,,-0.1217302179138012,,97.00894638096221,,99.02790427862645,,97.00894638096221,,2660091,164.3580749619423,,193.2838151900457,,185.80710828364042,,169.42568813859128,,195.18116292375464,,191.53605436962528,
1832,123.68786664899736,,0.816,,132.0115443298021,,278.8095095814476,,535.324920560247,,25.315272050850666,,560.6401926110977,,0.23257625764684595,,0.2466007825521082,,0.5208229598010459,,208.83733200588517,,163.09317203094724,,71.77805373563001,,25.198758620689656,,36.17577419828061,,505.08309059143266,,479.76781854058197,,0.4706632954169407,,0.3675682363435118,,0.1617684682395475,,52.35919549369095,,0.3857569811183507,,410.40145882478316,,36.68524301888165,,-3.3,,-83.29811816453005,,1.311990733530374,,36.17577419828061,,450.72130108575493,,25.315272050850666,,476.0365731366056,,0.08942564228913433,,1.1163084011375364,,-0.007960524926604172,,-0.1977735185000664,,91.51499413050706,,98.11027676669993,,91.51499413050706,,2670481,179.65595656384824,,200.46011207728012,,168.77907054412853,,196.3131378314309,,204.32121759676784,,184.42777836322347,
1833,101.72741518785465,,0.884,,129.69078105654322,,238.42189263754355,,470.7240888819414,,34.203502224154484,,504.92759110609586,,0.21798632704686122,,0.2755133720999563,,0.5065003008531825,,205.7896516902087,,135.3068391463545,,72.42956104204747,,25.001438848920863,,39.120290096703954,,477.6477808242355,,443.444278600081,,0.4976461597892692,,0.32720269625497117,,0.17515114395575965,,46.26315989754927,,0.5995051561878015,,368.66868765839337,,34.904494843812195,,20.2,,-48.90059478315294,,3.5731547911575507,,39.120290096703954,,464.4286976606512,,34.203502224154484,,498.6321998848057,,0.08347824629980256,,0.9756022692628186,,0.04749494635128469,,-0.10657546191390581,,86.02926476846166,,87.44657203561096,,86.02926476846166,,2694734,164.55957382067433,,174.68295159445844,,172.34676879449,,191.28325025625685,,199.75963325734728,,200.33504791461655,
1834,94.76038816840548,,1.02,,138.41551135002177,,236.26335180141615,,470.4592513198434,,38.44698090548832,,508.90623222533173,,0.2035891267940841,,0.2942136029033458,,0.5021972703025701,,208.66673186018087,,142.4722077097274,,73.06548179254949,,26.603076923076923,,41.71750199537518,,492.52500028090986,,454.07801937542155,,0.4919013601743849,,0.3358574322543264,,0.17224120757128866,,33.77080412924737,,0.6032809587878706,,359.1295689938939,,37.50871904121213,,25.8,,-56.56862955457182,,3.6532627022200446,,41.71750199537518,,445.6145082661647,,38.44698090548832,,484.061489171653,,0.09436068950322478,,0.9727736700769808,,0.06387767079091099,,-0.13101203037111667,,85.66350862497718,,85.8746076312562,,85.66350862497718,,2718406,167.03833767855926,,173.0643808613737,,163.92492816237333,,194.99357469681712,,201.5314953222361,,191.35911054030444,
1835,107.38547884596396,,0.7900886026263131,,148.52489080698842,,228.4966088998803,,485.197067155459,,44.38482714646806,,529.581894301927,,0.22295181642953008,,0.3061125073936205,,0.4709356761768494,,211.9090845768224,,200.88728120339528,,73.81732252258777,,27.76903765690376,,40.994245276703616,,555.3769712364128,,510.99214408994476,,0.43547703172081254,,0.41282702487067935,,0.1516959434085081,,24.507901392068735,,0.5617758181764737,,358.77643647194463,,41.37322418182353,,27.7,,-38.737468652608136,,4.224709618149478,,40.994245276703616,,459.4008241062583,,44.38482714646806,,503.7856512527264,,0.10022547952593969,,0.9160571493311797,,0.06620354794011038,,-0.08248617679722967,,85.6780028111466,,87.91730318661395,,85.6780028111466,,2746399,186.05896087565745,,176.66663407445859,,167.2738826755538,,217.16071193416218,,200.94637536761635,,195.23550641611325,
1836,116.6747532076503,,0.612,,165.71922714248214,,262.5832575249931,,545.5892378751255,,48.19540075383729,,593.7846386289627,,0.21497262971029296,,0.3037435778387036,,0.4812837924510035,,221.8941158223883,,149.96586952978475,,74.67317199149717,,28.27510094212652,,40.98901962876184,,515.7972779145585,,467.60187716072124,,0.4969264032762734,,0.33584486854660356,,0.16722872817712311,,25.893223014020126,,0.575589062249717,,384.0535262583041,,45.51541093775028,,2.7,,-41.951203692191655,,4.392958489724473,,40.98901962876184,,462.16852369861886,,48.19540075383729,,510.36392445245616,,0.10943315036610927,,0.9733302435446389,,0.006410568353658959,,-0.08917396226440723,,87.59976426761257,,94.60982544978934,,87.59976426761257,,2778269,168.30691238347373,,196.3773982559376,,166.35125097628014,,192.13169554806694,,207.56554334851577,,189.89919934953937,
1837,116.0323453029494,,1.224,,166.3553014087675,,245.64207269911077,,529.2537194108277,,54.85076213498657,,584.1044815458142,,0.2215503472200077,,0.3143205145425458,,0.4641291382374465,,221.3499411544375,,182.87496617728058,,75.38557685717113,,31.786421499292786,,41.93004822939876,,553.3269539175808,,498.47619178259424,,0.461520230377744,,0.3812989336264328,,0.15718083599582314,,35.58860961437099,,0.8664117825153708,,386.6930210158772,,45.02458821748463,,4.9,,-44.02552950423613,,4.281830632039725,,41.93004822939876,,475.2589799874505,,54.85076213498657,,530.1097421224371,,0.10590338340395683,,0.9745059692114632,,0.011307807166533493,,-0.09171715978195338,,88.00137156743598,,88.82604798677399,,88.00137156743598,,2804792,177.72305104356911,,188.69624535823962,,169.44535637132824,,201.9548648822807,,212.43345801710788,,192.54854027074026,
1838,126.10956118293191,,1.2919999999999998,,177.56944730374258,,263.6361009114504,,568.6071093981249,,61.73064249195051,,630.3377518900754,,0.22405903668314572,,0.31228847541442323,,0.4636524879024311,,221.99898494651498,,125.54205500764641,,76.24351884133252,,31.17926023778071,,41.036565190507694,,496.0003842237823,,434.2697417318318,,0.5238486875913883,,0.29624027681534604,,0.1799110355932657,,36.05815531388999,,1.0902444614893023,,403.1118147844642,,46.634755538510696,,8.4,,-47.64997943736621,,2.4159935288145604,,41.036565190507694,,491.0975493803102,,61.73064249195051,,552.8281918722607,,0.10604118480946377,,0.9758010259186223,,0.018664137294908238,,-0.10050634802299435,,89.79856745719755,,93.37872111058256,,89.79856745719755,,2836740,153.08760821641454,,200.44385787845374,,173.1203950239748,,170.47889799509738,,214.6568891654456,,192.78747971841818,
1839,145.43961022942298,,0.884,,174.00632732182981,,289.62851437264584,,609.9584519238986,,47.93452455677439,,657.8929764806729,,0.2398911102352903,,0.2852757048828298,,0.47483318488188,,222.379834540061,,112.91391820894508,,77.1026948729502,,31.089608636977058,,41.54906969316185,,485.03512595209526,,437.10060139532084,,0.5392379973745955,,0.2737994443454887,,0.18696255827991565,,36.510225860082855,,0.8452369033218062,,436.6721774269536,,46.4587630966782,,7.9,,-59.42352880763559,,2.394473400304612,,41.54906969316185,,512.9064175728673,,47.93452455677439,,560.8409421296417,,0.10035698013998584,,1.0038719146217632,,0.01676010787895079,,-0.12098900264069987,,93.8832767467689,,99.08686788164309,,93.8832767467689,,2868759,152.36574469842913,,212.62101554152807,,178.79034717550945,,162.29274262487112,,214.5804182603681,,190.4389720628948,
1840,150.19365710363766,,0.816,,180.5364703762405,,269.5380159245928,,601.084143404471,,43.620345643208346,,644.7044890476793,,0.2512288150679478,,0.30035141062564524,,0.4484197743064069,,227.85355677703524,,124.90536253861055,,78.00986998519419,,31.109599027946533,,42.37467873563424,,504.2530670644208,,460.63272142121247,,0.5289462988877475,,0.2899591744827623,,0.1810945266294901,,30.683646321326517,,0.837381193355242,,425.59888737515604,,48.02561880664476,,6.4,,-51.09537742297029,,-2.303764545510715,,42.37467873563424,,500.52107046363574,,43.620345643208346,,544.1414161068441,,0.1066536829324406,,0.9959317413272885,,0.01396933407215316,,-0.1165547583318821,,90.79477272085362,,95.58675565354979,,90.79477272085362,,2902807,158.68527305508513,,207.0699648321335,,172.42657554003273,,174.77357814745486,,216.63039342254692,,189.90804247085256,
1841,132.77722975923595,,1.224,,191.822830170555,,277.05061847511257,,602.8746784049035,,59.241049204923826,,662.1157276098273,,0.2222704561315774,,0.31818027368156054,,0.45954927018686204,,232.39577292200113,,139.71223046046381,,78.9838177956714,,31.549174078780172,,46.38164823324626,,529.0226434901627,,469.78159428523895,,0.5151850732186695,,0.30972015873746334,,0.1750947680438672,,34.75141656847985,,1.3273697169510354,,445.82912231310996,,45.359630283048965,,-1.7,,-49.777620169761065,,4.276295411499152,,46.38164823324626,,526.4478623565742,,59.241049204923826,,585.688911561498,,0.0972511679149456,,1.0010713621228295,,-0.0035411781749824906,,-0.09478135186279267,,90.38022947370696,,93.75740714171067,,90.38022947370696,,2939344,159.82531962411986,,205.1051793886335,,179.10386207146024,,176.8365941918919,,218.7615737694463,,198.16708047147014,
1842,143.38169410388892,,1.496,,175.49777967747823,,262.6083077361869,,582.983781517554,,55.249560161446425,,638.2333416790004,,0.2485106767923467,,0.30103372553631474,,0.4504555976713386,,234.37346593293648,,145.1302941246928,,79.66653040646203,,30.745,,49.59491878256327,,539.5102092466545,,484.2606490852081,,0.5104282023474367,,0.316070741375726,,0.1735010562768373,,34.3907804966777,,2.370117002590728,,422.0344943048511,,37.953882997409266,,27,,-52.9288615587498,,4.000306333045689,,49.59491878256327,,524.4156383583879,,55.249560161446425,,579.6651985198343,,0.08492468491270337,,0.9612581254020901,,0.056863567419973,,-0.1030463777347666,,89.16406367237069,,92.12370219680247,,89.16406367237069,,2965025,163.3243055573589,,196.62019089807134,,176.86718943630757,,183.17279274920296,,213.43062231480297,,198.36151713115953,
1843,135.390731900448,,0.476,,160.95152127024383,,254.1687511553305,,550.9870043260223,,47.62071407881163,,598.6077184048339,,0.2465879064909031,,0.2921149137938793,,0.4612971797152176,,254.63850541887712,,156.10492796632428,,80.53810593230367,,28.996026490066225,,48.68723903569192,,568.9648048432632,,521.3440907644516,,0.518314825695719,,0.31775044546389297,,0.16393472884038812,,33.85233615915411,,2.1633566428317743,,411.8009290224307,,38.703643357168225,,25.6,,-39.27405706473391,,4.382191721932534,,48.68723903569192,,525.9156388744753,,47.62071407881163,,573.536352953287,,0.08563404863123322,,0.933836429961282,,0.05364307742089145,,-0.07311355601340677,,84.17055865835925,,87.63835770086442,,84.17055865835925,,2997746,173.91202949297625,,183.8004301652049,,175.43702464267332,,206.61859950207716,,209.7260092351,,208.4303911475228,
1844,118.38719504064143,,0.952,,153.66396367017322,,256.8151789449322,,529.8183376557469,,47.924216813159134,,577.742554468906,,0.2252454974825407,,0.29003141784423747,,0.4847230846732218,,256.9893291766779,,157.91042156496385,,81.39197555985926,,28.844036697247706,,49.720839777738874,,574.8566027764876,,526.9323859633286,,0.5178190881637929,,0.3181806449641114,,0.16400026687209573,,31.522009597093824,,2.8298887703780546,,409.41013104419085,,37.76611122962194,,17.4,,-68.08882699090061,,6.191213387298768,,49.720839777738874,,486.75136681542176,,47.924216813159134,,534.6755836285809,,0.09289053621762128,,1.008927553940106,,0.03981415238414155,,-0.1416322425418688,,82.11510143211757,,82.60584685457209,,82.11510143211757,,3029807,173.91615570342552,,174.8686756799185,,160.6542485430332,,211.79558043558836,,211.69043395654,,195.6451928344044,
1845,132.6193540829071,,0.544,,171.95990967182772,,269.29542718651527,,574.4186909412501,,45.813806720353256,,620.2324976616034,,0.23182280831548827,,0.29936336053071655,,0.46881383115379516,,247.6633048731957,,172.716510706451,,82.31589079411914,,31.22849872773537,,50.295807697037475,,584.2200127985387,,538.4062060781855,,0.49267042016279394,,0.3435806363900636,,0.16374894344714253,,19.995177464399628,,2.4711820820627692,,422.05433634419666,,43.228817917937235,,-18.1,,-55.25969638379006,,4.512978397538177,,50.295807697037475,,469.1986035193819,,45.813806720353256,,515.0124102397351,,0.10909452134423389,,1.055255582481403,,-0.043208114580539025,,-0.12114198924509789,,85.77487893032125,,89.19193990289669,,85.77487893032125,,3064479,175.69257484818317,,187.44415965691073,,153.10876776097402,,204.82987214812164,,210.1581822987383,,178.50070984693676,
1846,160.96154842400398,,0.476,,171.01409007179456,,282.6483804420571,,615.1000189378556,,41.44264522771159,,656.5426641655672,,0.26245739465716755,,0.2780264750553883,,0.4595161302874443,,256.48272067103187,,180.6561253391224,,82.57143519520004,,34.1005376344086,,50.67706384166676,,604.4878826814297,,563.0452374537181,,0.4935109616769102,,0.3476092967030208,,0.15887974162006888,,36.083969244262875,,2.3448293505607554,,439.07168131155987,,42.10117064943924,,-46.1,,-40.24158390692138,,5.178696385223917,,50.67706384166676,,489.11582687579204,,41.44264522771159,,530.5584721035036,,0.1013733359076661,,1.0837446198132796,,-0.10514581256678683,,-0.079972143154159,,91.5294925977901,,95.04455382798845,,91.5294925977901,,3074237,183.14958718332974,,200.08217288968143,,159.10153539749604,,200.09898666012242,,210.5140850592975,,173.82543143403964,
1847,209.94877305055266,,1.156,,163.79855027443207,,305.3478313965279,,680.2511547215126,,45.049020990370984,,725.3001757118836,,0.3103335754526968,,0.24079128589129614,,0.4488751386560071,,266.1018051463434,,186.24136202579945,,82.3827225120133,,35.27737226277373,,48.98194076290694,,618.9852027098368,,573.9361817194658,,0.497641521160534,,0.3482931453642644,,0.15406533347520143,,37.15949292362294,,2.31942565622268,,471.3296306164659,,46.697574343777326,,-54.2,,-49.73538814288801,,7.888536534693285,,48.98194076290694,,510.44121269480115,,45.049020990370984,,555.4902336851721,,0.10622172525603585,,1.1019154982222044,,-0.11745348570653331,,-0.090683737771707,,95.85239549555367,,104.6399821022011,,95.85239549555367,,3067435,187.10622449032036,,221.765466822121,,166.40652946021714,,195.20245010360716,,211.93186616328384,,173.60706386095097,
1848,142.75016865335016,,1.632,,156.11606765552258,,261.3588929506801,,561.8571292595528,,40.60353719890858,,602.4606664584614,,0.256973100694878,,0.2778572336730179,,0.46516966563210416,,262.8181132895752,,186.30012681658272,,82.4765262149632,,35.083923705722064,,47.78793860262363,,614.4666286294669,,573.8630914305583,,0.4943955996940992,,0.35045515610671785,,0.1551492441991829,,35.872594384760426,,1.9114097366383171,,414.3270615908482,,40.27159026336168,,4.9,,-26.010859032670126,,8.718308552358643,,47.78793860262363,,527.7780440979208,,40.60353719890858,,568.3815812968294,,0.08788306158201276,,0.9379352841264341,,0.010208543767675665,,-0.03602688947612257,,86.32049835994393,,84.92457617026336,,86.32049835994393,,3071164,186.85524167076662,,182.94598701324736,,171.84951506917923,,216.46682447500177,,215.42172509223136,,199.08308957229573,
1849,135.75394573898492,,1.088,,151.59339363154416,,270.1404266524736,,558.5757660230026,,52.13663058301925,,610.7123966060219,,0.24498367824527076,,0.27139271492365713,,0.4836236068310722,,262.48916758737386,,138.42875198028386,,82.73805306349529,,32.81642189586115,,48.59442083593461,,565.0668153629488,,512.9301847799295,,0.5427187555637901,,0.2862132586251608,,0.17106798581104923,,30.148219844343007,,1.7407727473036445,,400.4970496761006,,39.42622725269636,,33.8,,-35.67629732418594,,11.074038542984347,,48.59442083593461,,529.6044315751766,,52.13663058301925,,581.7410621581959,,0.08558449737196186,,0.8952937774800256,,0.07026880781140989,,-0.051147082663397216,,82.04648478198867,,81.73071268475894,,82.04648478198867,,3081118,166.47534589065705,,181.28996228739135,,171.88709798689197,,202.90369091742332,,221.8137543797512,,209.49964942876585,
1850,139.54961609386746,,1.7472118959107765,,145.71993888639764,,273.9861133097024,,561.0028801858782,,45.60750779679724,,606.6103879826754,,0.2518647104680854,,0.2597490031390141,,0.48838628639290055,,267.2775904523971,,147.2606385621992,,83.65756865030227,,30.861052631578943,,51.04205409261578,,580.0989043890933,,534.491396592296,,0.5364910577430764,,0.29558787780311857,,0.16792106445380509,,29.501174842432153,,1.702710250713049,,410.07495457740464,,39.802289749286956,,27.4,,-27.6625,,11.507043522957119,,51.04205409261578,,543.3677270354096,,45.60750779679724,,588.9752348322069,,0.08430395220283933,,0.8928564029422729,,0.055654217331834656,,-0.03281457247694673,,84.10509653373468,,79.68186775530928,,84.10509653373468,,3115421,171.56313595892692,,180.07289550461343,,174.41229517147428,,203.98661083530496,,225.98980241977947,,207.37422862539285,
1851,152.3377241494857,,1.3977695167286213,,141.95320566342815,,279.3361172678266,,575.024816597469,,47.392176708859466,,622.4169933063284,,0.26735453710658336,,0.2468644857858348,,0.48578097710758195,,269.4554542808377,,162.1280360596766,,82.18302877121421,,30.81822916666666,,51.16592517952169,,595.750673457917,,548.3584967490575,,0.5244706384267896,,0.3155675390058235,,0.1599618225673867,,30.011290994964952,,2.123922297796945,,413.63609089658723,,38.961077702203056,,1.3,,-29.81,,6.66015369973559,,51.16592517952169,,514.0484607708095,,47.392176708859466,,561.4406374796689,,0.08875901949404481,,0.958444848917956,,0.002808487899288262,,-0.05001235631128902,,83.09741950778061,,79.62324736582161,,83.09741950778061,,3150484,174.05531872215744,,182.51951655601772,,163.16491712727614,,209.4593547587362,,229.22892822676366,,196.3537713851615,
1852,158.5948030223524,,1.3977695167286213,,148.06467206315483,,297.81453813805507,,605.8717827402909,,42.233220726872986,,648.1050034671639,,0.2640700179424966,,0.24438284845264577,,0.4915471336048577,,272.45351361289437,,140.41548670591243,,76.4955178090174,,33.140839694656485,,51.69238384056488,,574.1977416630456,,531.9645209361726,,0.5567496283858657,,0.2869343434278888,,0.15631602818624546,,30.032582214122446,,2.2333041246364354,,434.2506965637185,,58.047695875363566,,6.5,,-18.4525,,8.734460784356806,,51.69238384056488,,573.0386234027626,,42.233220726872986,,615.2718441296356,,0.11562565417297566,,0.8905469025109386,,0.012467722037198151,,-0.018640278721112385,,85.83494765059524,,84.0041577970676,,85.83494765059524,,3182526,167.15166535518406,,190.37449583767452,,180.0577979261639,,194.73614178178497,,226.6250871743399,,209.77212994771978,
1853,175.3863339636708,,1.257992565055759,,150.89221139238353,,289.64592875326605,,617.1824666743762,,45.46378659469906,,662.6462532690753,,0.2862108631837133,,0.24448557685938582,,0.4693035599569008,,275.2671484204099,,157.14280414126551,,75.71310889358291,,37.661596958174904,,53.00982244552144,,598.7944808589547,,553.3306942642556,,0.5417332321663341,,0.30926131101235677,,0.14900545682130917,,30.906812824347377,,2.815849657471313,,450.6275116649366,,53.49215034252869,,8.2,,-31.0875,,3.4381157650248326,,53.00982244552144,,571.4027626998303,,45.46378659469906,,616.8665492945294,,0.10862030638838734,,0.9288983068578381,,0.01581811665100476,,-0.053336729897230394,,90.1502572425406,,86.90128730681471,,90.1502572425406,,3205992,172.59266219761483,,192.50904764402912,,178.2296283645843,,191.449994128437,,221.52611728794582,,197.702850569882,
1854,219.37679996475586,,1.9568773234200696,,167.76504849341103,,317.8145059713401,,706.913231752927,,57.14276547104161,,764.0559972239686,,0.31309878970483634,,0.23732056631250967,,0.44958064398265407,,278.43326514729586,,202.26361117548166,,76.79644431495375,,41.19761904761905,,53.2003954582466,,651.8913351435968,,594.7485696725553,,0.49943784945941366,,0.362809030508396,,0.1377531200321903,,31.966590231822835,,2.897649927751461,,530.392466569305,,55.942350072248544,,43.6,,-12.6675,,4.678395762930128,,53.2003954582466,,710.0103480223046,,57.14276547104161,,767.1531134933462,,0.08958451340498133,,0.8561975265535909,,0.06638145452850418,,-0.012163494487076463,,99.10857104431449,,93.10450692669244,,99.10857104431449,,3230345,184.11301878671017,,218.83521164238712,,219.79396876256394,,185.7690176002917,,235.04255472260982,,221.7708987694791,
1855,216.4856371283537,,1.118215613382897,,160.72184925585364,,323.7695846592848,,702.095286656875,,65.74694416390514,,767.8422308207802,,0.3099349288867723,,0.22891743088200067,,0.461147640231227,,279.9365998270245,,214.21083815078845,,77.57885323038822,,42.52886836027714,,53.96570458921575,,668.220864157694,,602.4739199937889,,0.489633945704068,,0.3746737581336468,,0.13569229616228534,,35.525046697742056,,3.2800342030909997,,501.51314308023797,,53.996965796909,,7.2,,-19.0275,,4.2695882867150345,,53.96570458921575,,640.7229826539108,,65.74694416390514,,706.4699268178159,,0.09761617306037867,,0.9152646415384846,,0.012270832027423337,,-0.02515164662628655,,99.7897524742917,,94.79936938847075,,99.7897524742917,,3239542,185.9750298016784,,216.72671218859796,,197.7819650598482,,186.36686151675758,,228.61619606401695,,198.19867286553466,
1856,242.96384079372038,,1.6773234200743454,,165.87847308513926,,353.85728792594034,,764.3769252248743,,63.82424790651616,,828.2011731313904,,0.32005304731278095,,0.2170113560614601,,0.462935596625759,,287.0168030118178,,174.66352359220625,,79.38441226600627,,41.15522222222223,,48.908865508932614,,631.1288266011852,,567.3045786946691,,0.5304666565617066,,0.3228144638606035,,0.14671887957769,,35.26082783006792,,3.1014198746392867,,560.8731387690243,,57.600580125360715,,-4,,-36.25,,11.307803141915764,,48.908865508932614,,676.8026352499406,,63.82424790651616,,740.6268831564568,,0.09667558896951343,,0.9494185088744933,,-0.006370504363580339,,-0.03972359348042637,,100.37421050894453,,98.43458975096813,,100.37421050894453,,3265989,173.70070098052048,,234.04148796118855,,207.2274693056041,,173.053118026808,,237.76346155685246,,206.45489339827753,
1857,213.43938020362992,,0.7687732342007417,,184.36126630281603,,355.9929196256099,,754.5623393662565,,81.41224292229391,,835.9745822885504,,0.2838839712272684,,0.24432874089324122,,0.4717872878794905,,289.8728352579701,,197.839401784927,,82.18302877121421,,42.5,,49.66922461189022,,662.0644904260015,,580.6522475037076,,0.5086422938500439,,0.34715045667611905,,0.144207249473837,,34.86821121217359,,5.31691785652514,,546.4328064438517,,51.51608214347486,,-20.5,,-64.835,,12.012782807636436,,49.66922461189022,,614.4810250755519,,81.41224292229391,,695.8932679978458,,0.10062289766847118,,1.0291941796875126,,-0.036295275670889436,,-0.09352180168509419,,99.1537207170686,,98.22274319567323,,99.1537207170686,,3288374,176.57731374342077,,229.46366178733214,,186.86470124005112,,178.08440517051042,,233.61561113214782,,188.45959575562728,
1858,181.9303802976274,,1.8171003717472076,,169.88279990898212,,346.5562288597354,,700.1865094380921,,73.62011716526999,,773.8066266033621,,0.2624264795059164,,0.24262506863394878,,0.4949484518601349,,293.24975643916133,,254.0564613557188,,83.68766130089591,,40,,50.48559496875373,,721.4794740645298,,647.8593568992598,,0.4647426324632384,,0.40262904248736237,,0.13262832504939925,,37.121024294571114,,3.2280133922204257,,497.72193410155336,,51.05998660777957,,-43.9,,5.069999999999993,,13.885128850314347,,50.48559496875373,,614.6716822151926,,73.62011716526999,,688.2917993804626,,0.09622357095857766,,0.947990335966053,,-0.07781120625334437,,0.03359729932871361,,89.90153417954318,,93.38833916263398,,89.90153417954318,,3299879,196.32821594345117,,212.18551026813168,,186.27097606160487,,218.38138551825188,,227.20771369390638,,207.19443529139488,
1859,181.45283904496972,,2.4460966542750873,,150.96420370724388,,325.53083304633367,,660.3939724528224,,52.24510717341559,,712.639079626238,,0.27846852541099215,,0.2285971859290835,,0.49293428865992434,,296.8774380906827,,196.858268984545,,84.3196069633622,,37.408877284595306,,50.29843291829108,,665.7626242414761,,613.5175170680606,,0.5135796365516393,,0.34055264989987294,,0.14586771354848785,,40.67471081281686,,3.707706382959357,,452.29108185548984,,49.27529361704064,,-21.9,,17.3675,,8.030278908187817,,50.29843291829108,,599.7450044947856,,52.24510717341559,,651.9901116682012,,0.096429758125488,,0.8972042381734572,,-0.03985828856327855,,0.04622429226433331,,88.7753882297609,,91.08959519961242,,88.7753882297609,,3308969,185.41047591200177,,199.57695960669994,,181.24829954429478,,208.85346672000819,,219.09962292548332,,204.16503172613943,
1860,212.16490160459537,,1.9568773234200696,,170.56480185549884,,345.55331926491425,,730.2399000484286,,71.78417781965828,,802.0240778680868,,0.293221144056652,,0.23357365414323047,,0.47320520180011744,,296.27324846919913,,203.59846126672437,,86.06498069779299,,37.92857142857143,,52.47072937411674,,676.3359912364048,,604.5518134167464,,0.5056403760104091,,0.34747518732103744,,0.14688443666855336,,38.30025470002769,,3.610593412228724,,519.3627028157293,,54.81440658777127,,-12.3,,-11.2425,,6.268718509609116,,52.47072937411674,,651.284905399483,,71.78417781965828,,723.0690832191412,,0.09756783045417594,,0.9312788171069184,,-0.020540595885089673,,-0.00830605167600473,,90.39800195219655,,95.62816105731372,,90.39800195219655,,3326088,181.76061890627864,,219.54918211677762,,195.8110865976736,,201.0670755780594,,229.58632654788076,,216.60997186776393,
1861,189.48619540701804,,1.7472118959107765,,175.89232607718816,,372.697333450481,,739.823066830598,,69.2159745998987,,809.0390414304967,,0.2584853269338745,,0.23774917809836732,,0.5037654949677581,,299.91432053541195,,194.3968360664852,,88.17146623934737,,39.870901194353976,,54.00117075651042,,676.354694792109,,607.1387201922103,,0.5148897302248853,,0.3337384300294706,,0.1513718397456442,,39.21492295792904,,4.087887802067308,,539.3211600536885,,55.79111219793269,,39.1,,-4.142500000000041,,5.012028113708517,,54.00117075651042,,732.3857818818364,,69.2159745998987,,801.601756481735,,0.08826703763322521,,0.852814278985373,,0.057636920647624476,,0.0012817627337773413,,95.17619953092604,,98.79641983258432,,95.17619953092604,,3353453,181.04882346411603,,220.6153081109525,,218.39750903973797,,190.22489273201856,,223.3029379858062,,229.4665159106012,
1862,234.86490411448497,,2.376208178438656,,183.48287170193333,,402.7471900380516,,823.4711740329085,,50.86710589124083,,874.3382799241493,,0.2880988670569332,,0.22281638688496555,,0.4890847460581013,,306.59278851469065,,176.23275890404472,,89.2848943113118,,40.88012422360248,,54.2696655537578,,667.2602315074074,,616.3931256161666,,0.5358979073822915,,0.30803975255393246,,0.15606234006377614,,39.43393535208419,,3.6878420799398923,,591.1725699035572,,60.57415792006011,,58.4,,6.099999999999966,,5.293376126109322,,54.2696655537578,,818.9315469355085,,50.86710589124083,,869.7986528267494,,0.08403975870207889,,0.8246867283564991,,0.07637362528712781,,0.014899887654294154,,100.90006141825977,,104.99023347400235,,100.90006141825977,,3379216,182.4071398857506,,243.68704872162908,,242.34365217716433,,180.78000877484163,,232.1044926354705,,240.181867850982,
1863,210.93825491691942,,2.306319702602225,,207.70645496076895,,409.98762244569025,,830.9386520259809,,77.4559098147394,,908.3945618407203,,0.2566309487464475,,0.24996605279384043,,0.493402998459712,,310.148243926352,,224.04132467229846,,92.83582708136062,,43.40844827586207,,55.25695911304301,,725.6908030689161,,648.2348932541768,,0.4946342621258509,,0.35730821465265356,,0.14805752322149546,,38.728764832045194,,3.524972697408919,,608.4613415205911,,63.869027302591086,,22.5,,-44.41,,5.769707709773092,,55.25695911304301,,753.7007731754525,,77.4559098147394,,831.1566829901918,,0.09649165565374741,,0.9266172787590993,,0.03221447387318332,,-0.05532340828603029,,98.43263298705344,,102.89497095893792,,98.43263298705344,,3415727,189.779479816208,,243.26846145080708,,220.65603403768876,,192.80138512719574,,236.42405375466575,,224.169594311991,
1864,222.6443732766353,,2.4460966542750873,,209.19164717154075,,437.9769082481746,,872.2590253506257,,69.75062896787792,,942.0096543185036,,0.2580546183978203,,0.23982743782725674,,0.5021179437749229,,314.94830949986067,,226.1513300799987,,95.27333177944496,,45.80434782608696,,57.64707094199051,,739.8243901273818,,670.0737611595039,,0.4949115120762048,,0.3553754484527137,,0.14971303947108153,,38.70395891196784,,4.144916096215942,,612.1920650078158,,68.93908390378407,,-16.7,,-30.137499999999932,,7.991897529434535,,57.64707094199051,,742.7814923912086,,69.75062896787792,,812.5321213590865,,0.1066710381379035,,0.9500267444496331,,-0.024374778842195122,,-0.03232300374534141,,101.50592634437386,,102.99800040313308,,101.50592634437386,,3445573,194.47382515462706,,253.1535466961883,,215.57560742181593,,191.58864133198082,,245.78491398410458,,212.37736079610153,
1865,223.57746794080884,,3.1061119998999787,,211.8343436154696,,427.9352293732498,,866.4531529294281,,70.438035810334,,936.8911887397621,,0.26162243068111035,,0.24448447431839784,,0.4938930950004919,,319.8689661027748,,234.00764155978217,,98.01176298346564,,43.5622429906542,,57.30381454170071,,752.7544281783776,,682.3163923680436,,0.4906805835265692,,0.35896888500692253,,0.15035053146650829,,40.600096108747096,,3.6495814659559884,,628.5180788913567,,74.27941853404401,,-29.5,,23.755000000000052,,8.150832063289442,,57.30381454170071,,806.7568216050942,,70.438035810334,,877.1948574154281,,0.10398116928685333,,0.8928087134134423,,-0.03936204101120473,,0.04257215831090888,,100.91477640657018,,101.25596573937015,,100.91477640657018,,3475110,196.343825768981,,249.33114431756928,,232.1528877086176,,194.56400019947702,,246.23847345384098,,230.04845868488988,
1866,255.37516334219129,,1.3497981118569824,,207.22959068408585,,447.7268641944228,,911.6814163325569,,73.86190607895983,,985.5433224115167,,0.28159503622085663,,0.2273048314593418,,0.49110013231980154,,331.713668617242,,246.9603554510195,,98.34278213999562,,43.2741116751269,,56.29639210155058,,776.5873099849347,,702.7254039059749,,0.48996371371496433,,0.36477728940609494,,0.1452589968789407,,42.33770672076899,,4.955443123848586,,642.8607422086608,,77.26155687615142,,53.6,,34.4375,,4.051419505042794,,56.29639210155058,,915.8007605360232,,73.86190607895983,,989.662666614983,,0.09565629102008236,,0.7972018224613229,,0.0623615213237702,,0.044780365194824645,,103.32578358832605,,102.18747818601622,,103.32578358832605,,3492326,201.21987578077614,,261.05278153659106,,262.23232325276143,,194.74314037867154,,255.46455022736305,,253.79175859682422,
1867,238.82623720465955,,2.5138753291639344,,207.6672805805427,,428.3709577577686,,877.3783508721349,,35.569855580227866,,912.9482064523628,,0.27506960058214985,,0.23669068238818122,,0.48823971702966884,,343.9548058971796,,292.593789194697,,97.89139238109111,,44.024604569420035,,55.619324341266704,,834.0839163836546,,798.5140608034267,,0.468322547470006,,0.3983903302997461,,0.13328712223024777,,44.244744293302006,,5.7716078868972955,,622.8091535456841,,73.1683921131027,,6.2,,36.05750000000006,,4.6696263449352315,,55.619324341266704,,848.5403485251883,,35.569855580227866,,884.1102041054162,,0.0995559426378503,,0.8412614592046181,,0.007819189819542334,,0.0513634083379891,,95.44189914567984,,100.78019639498248,,95.44189914567984,,3527880,226.34388380654292,,248.69846788216574,,240.52415289782766,,237.15358331361153,,246.77315264147234,,252.01107171044274,
1868,253.2645164148428,,2.5081406282167786,,195.41649929186647,,428.35419123087337,,879.5433475657994,,48.65120204666087,,928.1945496124603,,0.2908016503688296,,0.2221794978413468,,0.48701885178982357,,348.38327562141154,,207.79122573178068,,97.22935406803117,,44.61246458923513,,56.08371308168621,,754.1000330921448,,705.448831045484,,0.5331821548509578,,0.31801346748685155,,0.14880437766219068,,40.88484682451299,,5.430735226385227,,642.4230835901426,,70.51626477361478,,35.1,,38.355,,11.718158900995014,,56.08371308168621,,900.511802397337,,48.65120204666087,,949.1630044439978,,0.08993897877266219,,0.8091961163542397,,0.04156659453198208,,0.05929831034111593,,95.41948728212884,,99.56704193428745,,95.41948728212884,,3557812,198.2816492398935,,247.21467788792646,,253.10831555948906,,207.79995249149675,,248.2896680320019,,265.2585156018689,
1869,273.5694157816843,,1.8684728603371918,,205.56173792420813,,434.95454560330495,,915.9541721695346,,53.47580717476069,,969.4299793442952,,0.3007114296882536,,0.22442360564537128,,0.4748649646663752,,352.3194419016836,,223.98873240713544,,98.0719482846529,,45.205987488829315,,58.305539453296475,,777.8916495355977,,724.415842360837,,0.522434499621318,,0.3321401757005222,,0.14542532467815986,,41.04602500932804,,5.13291397639241,,655.8842410325038,,76.02708602360758,,-13.7,,82.25750000000005,,6.572669498136047,,58.305539453296475,,911.5259749932644,,53.47580717476069,,965.0017821680251,,0.0951219598351945,,0.8168232229468032,,-0.016056811849952744,,0.10411162906795493,,94.40386440668402,,99.45823843431096,,94.40386440668402,,3592858,201.62662770441722,,254.9374821296958,,253.70498221562454,,213.57878617746664,,256.32615874055926,,268.7442763176352,
1870,268.44892552851945,,2.7548887967490177,,223.09356948150497,,437.110174735395,,931.4075585421684,,68.95402795762465,,1000.361586499793,,0.29117630819933915,,0.23952303954961374,,0.4693006522510471,,362.2447607426492,,301.721138648737,,99.51639551314734,,48.02286392405063,,58.49316044299596,,869.9983192715802,,801.0442913139555,,0.4744638653185069,,0.39519074726738024,,0.1303453874141128,,45.91393949276605,,4.778364080112859,,676.7109129021153,,82.89263591988714,,24,,66.4575,,1.312871508897672,,58.49316044299596,,960.559384346775,,68.95402795762465,,1029.5134123043997,,0.09718909507618549,,0.8010773857241349,,0.026605585448192123,,0.07512793375148757,,92.1475458502327,,97.11923456303752,,92.1475458502327,,3626790,220.86867210782964,,256.81320356077094,,264.85111747489515,,239.69023816088085,,264.43083567970285,,287.4206958320489,
1871,271.30490098750806,,3.510498112301809,,232.3022050487442,,464.97423200525094,,972.091836153805,,57.755161279562955,,1029.846997433368,,0.28270518162887687,,0.23897145970063388,,0.47832335867048925,,381.12341986463935,,290.90241341516264,,100.47936033214363,,47.23965665236052,,60.83696630624047,,880.5818165705466,,822.8266552909837,,0.49336033338837326,,0.3765701717227449,,0.13006949488888184,,44.47397053641761,,5.336789281720855,,719.2676075463113,,80.91421071827915,,9.8,,47.335,,-0.3965135305950973,,60.83696630624047,,967.5680308583742,,57.755161279562955,,1025.3231921379372,,0.09512302310123498,,0.8423022083841009,,0.010808055864767978,,0.05176671264989633,,98.87026638190929,,101.47311851914995,,98.87026638190929,,3645118,225.73388715838107,,266.683228404075,,265.44216973452546,,228.31321834051877,,262.81170057244935,,268.47522460311137,
1872,283.6418324996112,,2.6403385371471826,,294.0778823867919,,513.4414442041874,,1093.8014976277377,,81.66480222662953,,1175.4662998543672,,0.2617313759924939,,0.26885854794000086,,0.4694100760675051,,400.14560922820664,,360.8251329658294,,103.97010780100516,,54.33733624454148,,64.0845691047572,,983.3627553443399,,901.6979531177104,,0.4626277152137059,,0.41716740857816814,,0.12020487620812594,,47.684881491950215,,6.962611958583685,,890.759854568172,,98.84438804141632,,-0.3,,-33.705,,2.864482416346231,,64.0845691047572,,1077.1957875812259,,81.66480222662953,,1158.8605898078554,,0.1044376945693229,,0.9262998167875084,,-0.0002961175382611441,,-0.03044139381857027,,109.8582923143257,,111.88831366677022,,109.8582923143257,,3679189,245.08062867053323,,297.2941856555175,,292.7807697786729,,223.08796496609506,,265.7061992559202,,266.5076651118614,
1873,284.8019315940266,,3.6295011432231945,,349.48991508944,,543.0793771277326,,1181.0007249544224,,66.40307973131056,,1247.403804685733,,0.2442262960917158,,0.2959269268043232,,0.45984677710396105,,420.69864978745915,,285.2096990855613,,110.47012032923008,,73.02271088680607,,67.16401965840218,,956.5651997474588,,890.1621200161483,,0.5153230586771327,,0.3493596534512513,,0.13531728787161593,,50.58529141060353,,6.62087617180106,,946.9375023721358,,98.76812382819894,,-2.3,,-82.86749999999995,,0.34656708825874816,,67.16401965840218,,1085.2548805294005,,66.40307973131056,,1151.657960260711,,0.10351630100071568,,0.9797974150650341,,-0.0022591303864885905,,-0.08105458567926128,,115.79565447769005,,117.06075502399707,,115.79565447769005,,3720699,239.24593739406177,,317.41367010726276,,291.68037525459613,,206.61046260605266,,271.15293254532145,,251.89233272203077,
1874,297.31507541601314,,2.725650557620811,,334.4378344915018,,514.2254544000218,,1148.7040148651577,,85.3049715171501,,1234.0089863823077,,0.26119933602639556,,0.2911436106809118,,0.44765705329269256,,439.5177364512919,,453.87574505091135,,113.44929273799985,,80.28715670436189,,68.324404979744,,1155.454335924309,,1070.1493644071588,,0.4365306557252363,,0.45079108343745233,,0.11267826083731142,,51.29750435305362,,6.2027749806260015,,964.8428751497689,,93.41222501937399,,54.8,,-3.677500000000009,,-1.8585255254968587,,68.324404979744,,1233.3437589570697,,85.3049715171501,,1318.6487304742197,,0.08550501728569461,,0.8722090118363813,,0.04703784517649013,,-0.004751874298566042,,116.20550772521794,,116.72068421877458,,116.20550772521794,,3768703,283.9569380784739,,304.800886369968,,327.25947334058156,,244.3575555385246,,261.13699419262025,,281.62131016580247,
1875,284.5923715378511,,2.306319702602225,,325.2591542328676,,503.7240071576451,,1115.881852630966,,99.9549008980183,,1215.8367535289842,,0.25710489920059104,,0.2914817132889016,,0.4514133875105073,,463.7299999593656,,421.8329379121005,,114.02105309927889,,65.57524613220816,,70.31694716799409,,1135.4761842709474,,1035.5212833729292,,0.4639229961146283,,0.4220084972573819,,0.11406850662798976,,58.01058967509586,,6.8040959573285615,,908.5698347153519,,96.95090404267144,,27,,-25.2349999999999,,-0.30540730181671094,,70.31694716799409,,1142.1119642566252,,99.9549008980183,,1242.0668651546434,,0.09680489118323646,,0.9018332880628771,,0.02519138414483528,,-0.023829563390948823,,103.65488684349474,,106.16959577630097,,103.65488684349474,,3807338,271.9803924350633,,293.0871523964949,,299.9765096391823,,262.39032303968264,,276.0556355644686,,289.3992929557749,
1876,295.0247733772005,,3.2148698884758287,,326.12784786648115,,494.4890971876271,,1118.8565883197846,,74.20898053757526,,1193.0655688573597,,0.266557525226312,,0.2914831545624946,,0.44195932021119344,,474.8133959269361,,414.80359161056464,,115.73633418311601,,64.73968897903987,,73.8931153074624,,1143.986126007119,,1069.777145469544,,0.47228510183296996,,0.41259483869874425,,0.11512005946828574,,62.60102107535851,,7.941761993763652,,903.2273632289737,,107.63323800623635,,9.5,,-34.00249999999994,,-0.7277198681442911,,73.8931153074624,,1130.0662797436503,,74.20898053757526,,1204.2752602812257,,0.10942807854969208,,0.9144602578687142,,0.008994737150958899,,-0.03288307356936503,,101.19782133479755,,104.84072187379546,,101.19782133479755,,3856362,277.4057895678735,,290.1326660515233,,293.0394708130747,,274.1222942439826,,276.73661614117606,,289.57092845269693,
1877,294.1142652068695,,3.2148698884758287,,354.19760187917916,,500.61294192575554,,1152.1396789002802,,60.68583180894177,,1212.8255107092218,,0.25806691718068997,,0.3074259209762323,,0.43450716184307764,,483.6125820509628,,300.787526828585,,118.4747653871367,,64.92920962199312,,74.55936547160161,,1042.3634493602792,,981.6776175513374,,0.5356363277289705,,0.33314419904849474,,0.13121947322253483,,64.57685695229048,,8.349116733214526,,973.0976879298768,,126.18588326678547,,-24.1,,-58.565000000000055,,-1.5096275141872653,,74.55936547160161,,1162.5942828395814,,60.68583180894177,,1223.280114648523,,0.12364952434196508,,0.9537143783881152,,-0.022150024429638076,,-0.05521387830044219,,104.28344600123424,,105.2375749834605,,104.28344600123424,,3909692,251.0882232030905,,294.6880927961282,,297.3621151844139,,240.77476611208147,,280.021743984924,,285.14795644640907,
1878,277.9651447756842,,4.193308550185864,,327.82152045369617,,484.9903528629336,,1094.9703266425,,48.85047867543432,,1143.8208053179342,,0.25768593582901067,,0.29938849709187376,,0.4429255670791155,,488.02823626886067,,307.0598608449278,,121.15301128997014,,63.826158192090396,,74.98801177926264,,1055.0552783751116,,1006.2047996996773,,0.5326417160206721,,0.33512997619139373,,0.13222830778793415,,63.38424322969111,,8.124077140733768,,923.2875457709466,,104.00792285926624,,47.1,,-61.854999999999905,,0.11421789020252504,,74.98801177926264,,1159.1510186701032,,48.85047867543432,,1208.0014973455375,,0.10342725151780618,,0.9100769743382153,,0.04344365164706481,,-0.05694787750308638,,100.0283822677034,,99.05746189256134,,100.0283822677034,,3958700,254.17556260885576,,276.59846076805513,,292.8110285371721,,254.10344228962157,,279.2303128744167,,292.72794570797856,
1879,239.357565054782,,3.704089219330846,,313.43984390243685,,481.0070574438887,,1037.5085556204385,,75.31813388922963,,1112.826689509668,,0.23427436136057692,,0.30210820161863366,,0.4636174370207893,,500.39077459213195,,458.6859778291704,,121.27338189234466,,63.606218905472645,,74.14165115606166,,1218.0980043751813,,1142.7798704859517,,0.46317463079692517,,0.4245715932831131,,0.1122537759199617,,58.767846881963116,,8.499781510045976,,835.7480896979152,,118.00221848995402,,-1.7,,-51.475,,0.22774918313049142,,74.14165115606166,,1042.2123369190704,,75.31813388922963,,1117.5304708083,,0.130674342132666,,0.924019237164323,,-0.0017560701145083253,,-0.05293750918248054,,94.62510281581166,,97.29173889713567,,94.62510281581166,,4012693,284.791253775445,,258.55667393953104,,259.728899499431,,300.96797287480143,,265.7539857653249,,274.4820261965737,
1880,288.4622382593921,,3.7739776951672774,,321.6307369147229,,506.5979829268695,,1120.4649357961518,,78.3249113778167,,1198.7898471739686,,0.26081692217071434,,0.2870511397897397,,0.45213193803954593,,504.5319693184014,,503.4023836230831,,123.16921887974361,,66.53971078976639,,76.81231482968407,,1274.4555974406785,,1196.1306860628617,,0.4460528477564945,,0.44505418969947896,,0.10889296254402653,,61.2536934981172,,6.249509573085821,,926.5283883709787,,118.28249042691418,,27.6,,-56.315000000000055,,0.7065573709491453,,76.81231482968407,,1161.117954069729,,78.3249113778167,,1239.4428654475457,,0.11484953641602426,,0.910981227176316,,0.025454077707595394,,-0.05128484129993559,,96.59110172784365,,98.35948180688091,,96.59110172784365,,4054591,295.00649660171933,,276.3447498887439,,286.3711664307766,,305.4178814865716,,280.95384889412026,,296.47779278639945,
1881,264.593689762183,,4.402973977695157,,350.11000216711057,,515.0596563526859,,1134.1663222596746,,95.462215444857,,1229.6285377045317,,0.23717567561337768,,0.30869370329173873,,0.45413062109488356,,517.3048106505727,,542.903310146582,,127.29191201107146,,68.31179220779221,,78.96515991858203,,1334.7769849346003,,1239.3147694897432,,0.43562509167030417,,0.4571817222292722,,0.10719318610042373,,62.31379322017367,,8.881149292430585,,970.6531620656266,,128.1958507075694,,-6.5,,-27.1375,,-0.19951499055131094,,78.96515991858203,,1215.172100213831,,95.462215444857,,1310.6343156586881,,0.1206443959622178,,0.9091362837630428,,-0.005720788854106931,,-0.02405989087115385,,97.92562062515604,,97.80405733286433,,97.92562062515604,,4103159,302.0391774946433,,276.4129594440953,,296.1552550641667,,308.4373380188235,,282.6191131349051,,302.42877520051945,
1882,280.4689299290653,,4.752416356877312,,376.95308911972194,,528.7454712448585,,1190.919906650523,,83.62912327547826,,1274.5490299260014,,0.23949666530315308,,0.3165226200474784,,0.4439807146493686,,529.0564509727689,,480.2644409910831,,129.94006526331123,,67.55353293413174,,78.46909150174622,,1285.2835816630409,,1201.6544583875625,,0.46438565950722527,,0.42155788622827417,,0.11405645426450071,,66.78791928959164,,9.703570788113895,,993.2604280527726,,125.1334292118861,,7.6,,23.25249999999994,,0.6397899416181438,,78.46909150174622,,1304.8467287857284,,83.62912327547826,,1388.4758520612068,,0.10994737338705801,,0.8643735136022359,,0.006197112348551517,,0.019482000662154556,,97.1132774118763,,99.99524631394078,,97.1132774118763,,4156988,289.06854154680326,,286.4862507783335,,313.8923491686116,,297.6611944840533,,286.49987008271734,,323.2228975625373,
1883,275.3273917779217,,6.010408921933071,,354.7066283472559,,534.25534780177,,1170.2997768488808,,73.66516325776975,,1243.9649401066506,,0.24039806403909408,,0.3030904007367496,,0.45651153522415616,,548.3796841026054,,416.73764519326335,,131.74562429892927,,68.52883625128733,,77.72769307677324,,1243.1194829228587,,1169.4543196650889,,0.49995278107021135,,0.3799359289394089,,0.12011128999037979,,66.45857619385052,,12.394247317370555,,1005.8948608428339,,137.42975268262947,,1.8,,-63.190000000000055,,1.2318624297492455,,77.72769307677324,,1239.7469925432067,,73.66516325776975,,1313.4121558009765,,0.12893417524889214,,0.9228361676342888,,0.001549027628737758,,-0.053319370511918554,,91.94025250538034,,91.52590077740558,,91.94025250538034,,4202759,278.25871520710297,,278.4598823888976,,294.9840789213007,,302.65167608803256,,304.24161906488354,,320.8432333857667,
1884,262.6850271556763,,5.94052044609664,,345.177262408638,,544.4239496612673,,1158.2267596716783,,77.51331999271295,,1235.7400796643913,,0.23192828637279977,,0.2980221787540854,,0.4700495348731148,,560.5022338916887,,432.6686940999956,,132.70858911792553,,69.70906282183317,,76.53783845539866,,1272.1264183868418,,1194.6130983941289,,0.4978350039892599,,0.38429395643572506,,0.11787103957501494,,65.38591711994414,,11.45411769870716,,960.7496293718557,,128.11788230129284,,7,,-17.9275,,4.47320496057646,,76.53783845539866,,1235.791089907775,,77.51331999271295,,1313.3044099004878,,0.12039819584300197,,0.885169435760651,,0.006038369951716776,,-0.011606001555369595,,87.94275695636475,,88.99789938810419,,87.94275695636475,,4250151,281.0754484709199,,272.5142611807624,,290.764043420522,,319.61182273417165,,306.20302619995067,,330.62875611779225,
1885,241.3586660786861,,4.8921933085501745,,343.04239924075625,,520.5323303884104,,1109.8255890164028,,93.69230607888619,,1203.517895095289,,0.22188248480148962,,0.309095773818643,,0.4690217413798675,,567.5167771698157,,511.63967215711955,,131.20395658824387,,70.3385945945946,,77.61807246307664,,1358.3170729728504,,1264.624766893964,,0.46888247037518066,,0.4227167954740373,,0.10840073415078195,,61.11914291938865,,8.307855601166917,,910.7885046365581,,120.20314439883308,,13.9,,29.8275,,3.5717282053655737,,77.61807246307664,,1225.3359482243893,,93.69230607888619,,1319.0282543032754,,0.11197089695475479,,0.8468175568941573,,0.012110990247302502,,0.029100555903785113,,83.25593345148609,,83.41945521821829,,83.25593345148609,,4301200,294.01673181762396,,258.0269666642804,,284.88234637412563,,353.14808161865113,,309.31269688743896,,342.17662881664637,
1886,241.50363370442048,,4.6825278810408815,,333.6499437561154,,514.5153395128835,,1094.3514448544602,,94.2837961450764,,1188.6352409995366,,0.22496078635707573,,0.3048837238940989,,0.47015548974882554,,575.3401015043456,,528.827743855222,,131.20395658824387,,70.03766166580444,,78.52739289967803,,1383.9368565132943,,1289.653060368218,,0.4657222227326271,,0.42807172951610106,,0.10620604775127171,,64.7128365561885,,8.553679576911023,,877.1852878903475,,130.362320423089,,-22.4,,108.0125,,5.348182275563879,,78.52739289967803,,1250.3021996217778,,94.2837961450764,,1344.5859957668542,,0.1185517893054903,,0.8038217915619671,,-0.019116301077219202,,0.09674272020976185,,79.95278056625612,,81.03627843926954,,79.95278056625612,,4350137,296.46263103167047,,251.56712187557773,,287.41674104097825,,370.797149182316,,310.43765424655817,,359.4831086616165,
1887,240.66548619617717,,4.962081784386605,,352.0924200157414,,543.3073756642256,,1141.0273636605307,,96.86711318747369,,1237.8944768480044,,0.2152687795256424,,0.3085749134763898,,0.47615630699796785,,580.7294434305245,,523.1751579516733,,131.17386393765022,,71.22833894500563,,79.89726523904264,,1386.204069503896,,1289.3369563164224,,0.47019639621044895,,0.4235966966003142,,0.1062069071892369,,66.67776371602115,,14.181594804413878,,935.5346713763312,,109.28840519558612,,44.5,,100.3525,,-0.46164315259691335,,79.89726523904264,,1349.970557178798,,96.86711318747369,,1446.8376703662716,,0.09721486215289746,,0.7890981106780814,,0.035037348066768746,,0.0786496791022524,,82.18020560300346,,82.35192603101683,,82.18020560300346,,4405526,292.6635676004233,,258.99912148073366,,306.4266462571774,,356.12416086450776,,314.5028100292212,,372.8715984691798,
1888,229.48333657658088,,5.381412639405192,,384.81484474718854,,558.6785623324319,,1178.3581562956065,,100.24361908142467,,1278.6017753770311,,0.19931524890049404,,0.3265686605479334,,0.47411609055157256,,592.5302258316793,,518.1164040056473,,133.67155393692184,,74.63119834710744,,80.53521283277621,,1399.4845949541323,,1299.2409758727076,,0.4761886738924163,,0.41638578521299424,,0.10742554089458949,,66.34967328627108,,13.972681426400344,,926.332381010256,,132.18731857359964,,5.6,,85.125,,-0.9040316783116005,,80.53521283277621,,1309.1982354509914,,100.24361908142467,,1409.441854532416,,0.1189585731070028,,0.8079367865903334,,0.00455779973590049,,0.06854684056676338,,82.4620299571685,,83.90611539096122,,82.4620299571685,,4458704,291.3943100669404,,264.2826606779922,,293.6275284143086,,353.3678593872758,,314.9742536006643,,356.0760371371179,
1889,256.5389728446355,,6.080297397769502,,394.65856926898175,,579.9326049515709,,1237.2104444629576,,88.24807519638541,,1325.458519659343,,0.21226725931529097,,0.31899065436704527,,0.4687420863176638,,605.2244019832734,,453.94092615999557,,135.14609381600988,,77.71982232093282,,82.55721011070969,,1354.5884543909215,,1266.3403791945361,,0.5067559355585809,,0.38008589536496373,,0.11315816907645533,,69.55049893727539,,11.418250863742324,,993.2692623190973,,120.50274913625766,,50,,84.57499999999993,,0.24267085991708015,,82.55721011070969,,1412.1156422269996,,88.24807519638541,,1500.363717423385,,0.09922166398510082,,0.7993780006830216,,0.03760647053353933,,0.06379386479833812,,84.36227655002773,,85.13293643845958,,84.36227655002773,,4511415,280.69693858679284,,274.2399988613235,,313.0094753479783,,332.72802734328366,,322.13149262103104,,371.0301430312402,
1890,249.99585098661984,,6.918959107806676,,375.7876996786328,,608.240876501393,,1240.9433862744522,,97.31215866201033,,1338.2555449364625,,0.20703185410072056,,0.30282420925487896,,0.4901439366444006,,620.0241973778831,,473.5714286256152,,144.0234257411319,,83.19670958512161,,82.79498857066869,,1403.6107499004204,,1306.2985912384102,,0.5009814583121162,,0.38264717075746163,,0.11637137093042232,,68.86831869542968,,13.754981253620292,,945.0489541323248,,138.6020187463797,,23.6,,95.19139598405434,,4.898776001624459,,82.79498857066869,,1372.7594333841018,,97.31215866201033,,1470.071592046112,,0.11810945690215152,,0.7860040460063973,,0.018295077895277383,,0.07759141919617388,,86.00289921187085,,89.00809988100599,,86.00289921187085,,4559247,286.51630219604465,,272.1816533024976,,301.0934554289561,,333.14725994318246,,305.79425205837947,,350.09686671981007,
1891,247.96254674656586,,7.2684014869888305,,380.94990500349354,,623.364285056256,,1259.5451382933043,,105.34828121525928,,1364.8934195085635,,0.20263739700460048,,0.30245037944387154,,0.494912223551528,,633.5941553500462,,568.4623184844561,,145.01648321072182,,92.11481481481482,,83.39323376465691,,1522.581005624696,,1417.2327244094367,,0.4703488048188729,,0.42199816684863606,,0.1076530283324909,,71.44819306159361,,11.49701599363619,,986.8713089717301,,145.49298400636383,,30.2,,33.96499999999992,,14.07309190381087,,83.39323376465691,,1376.9408277017912,,105.34828121525928,,1482.2891089170505,,0.1213639148152052,,0.8181527351553772,,0.023346647731824936,,0.037136702297592784,,87.60556794440284,,90.11508267093926,,87.60556794440284,,4610839,307.36981369538967,,273.170487690701,,298.63129632194733,,350.8564819652284,,303.1351462975402,,340.88163952257906,
1892,240.5746278211404,,7.408178438661692,,360.33312083137866,,600.819077479819,,1209.1350045709999,,112.83592451023762,,1321.9709290812375,,0.20509108190758749,,0.2980090059994786,,0.4968999120929339,,645.7463238885701,,608.0175435867826,,139.62989875446135,,90.41911021233568,,84.04791747878211,,1567.8607939209319,,1455.0248694106942,,0.46343419895999916,,0.4363573013764306,,0.10020849966357036,,72.91496454451156,,10.024515549169854,,948.3354356342918,,137.83148445083015,,17.6,,58.5475,,14.956271852599649,,84.04791747878211,,1344.258089510185,,112.83592451023762,,1457.0940140204227,,0.11732646131689502,,0.8103810164717152,,0.01396592440737848,,0.05832659780401139,,82.16376869993252,,84.10709822490736,,82.16376869993252,,4653772,312.65495374734604,,259.8182731279057,,288.85344823729764,,380.52654922534344,,308.91360968504256,,351.5581780239529,
1893,227.74320109738295,,6.709293680297382,,342.56827331939866,,609.0489325293161,,1186.069700626395,,103.1224684552507,,1289.1921690816457,,0.19767176807051032,,0.2888264265906795,,0.5135018053388103,,663.6686787044147,,462.2639312882704,,139.47943550149316,,86.0227434982152,,78.68652191106985,,1430.1213109034632,,1326.9988424482124,,0.5244684378243245,,0.36530704202973163,,0.11022452014594394,,72.44560716209516,,9.214635675550934,,902.3769223844039,,125.07236432444907,,-21.1,,83.95499999999993,,10.364338195605871,,78.68652191106985,,1261.0153896531747,,103.1224684552507,,1364.1378581084255,,0.11357838217758151,,0.8244935534798529,,-0.017846134502572622,,0.07977419884513821,,81.21232480232979,,83.240740308487,,81.21232480232979,,4714154,281.4924676725055,,251.59757204079352,,267.4955866213057,,346.6129905253373,,302.2529245996402,,329.3780682579744,
1894,226.07922348653992,,7.757620817843848,,389.5581857236939,,606.0756598817126,,1229.47068990979,,97.25261419233941,,1326.7233041021295,,0.19019310197751935,,0.3168503234121644,,0.4929565746103164,,675.1912898937082,,466.1494895086623,,142.2479593561075,,84.96388467374811,,80.79597698078497,,1449.348600413011,,1352.0959862206714,,0.5260183963181008,,0.36316109313917383,,0.11082051054272538,,73.46587576953485,,8.97003981084418,,965.9300405853293,,129.57296018915582,,-34.8,,-13.0825,,5.269347051304102,,80.79597698078497,,1216.121740386953,,97.25261419233941,,1313.3743545792925,,0.12202929279464929,,0.9155045625288214,,-0.03065199533180164,,-0.006881859991668933,,79.51261955296613,,81.52883431555274,,79.51261955296613,,4772655,283.3005918551983,,257.60728355805946,,254.81031844685043,,356.2963884826885,,315.97076754587835,,320.46525429477566,
1895,230.5685436057125,,7.617843866170986,,355.161070704356,,616.0750417661914,,1209.422499942431,,100.73017097092983,,1310.1526709133607,,0.19694224928279513,,0.2936617027724074,,0.5093960479447974,,686.0893240826306,,518.2461710639976,,142.97018297035473,,88.5809095452274,,83.10384274564176,,1518.9904304078518,,1418.260259436922,,0.5092306335719751,,0.3846537422660515,,0.1061156241619736,,75.48737825328705,,7.565917084938515,,947.1534274621998,,134.39608291506147,,28.2,,-25.6975,,7.444865215358206,,83.10384274564176,,1257.654013676487,,100.73017097092983,,1358.3841846474168,,0.12086499454296906,,0.8706659204732239,,0.02400919151682653,,-0.015540106533019666,,75.68401403527481,,79.7381885637075,,75.68401403527481,,4832527,293.48211803822767,,250.2670962712533,,260.24769518649083,,387.7729290381473,,313.8610254123096,,343.86085159964506,
1896,244.51771284165739,,6.359851301115226,,392.3095597739647,,636.3874441593027,,1279.5745680760401,,92.12393734543112,,1371.6985054214713,,0.1960632622762974,,0.30659374573522413,,0.4973429919884784,,704.9131638531682,,450.538418876375,,147.96556296889796,,96.46931931931931,,86.17459389780436,,1486.061058915565,,1393.9371215701337,,0.5408193118983698,,0.34565942328075805,,0.11352126482087209,,80.11705814028741,,8.684624568147523,,1019.0471856477054,,146.76637543185248,,17.3,,-77.7975,,-1.7921503067064037,,86.17459389780436,,1278.5001873790911,,92.12393734543112,,1370.6241247245223,,0.1303763006094021,,0.9218658475481629,,0.014509459575960634,,-0.06675160773352598,,77.03620646349907,,80.92255300410496,,77.03620646349907,,4900232,284.46349511005474,,261.12530347053774,,260.9060524846765,,369.2594796251265,,322.68544895919393,,338.6797772918605,
1897,235.87006779471824,,7.757620817843848,,405.5270531540063,,639.0172858670562,,1288.1720276336246,,97.92657209556694,,1386.0985997291914,,0.18912667204869119,,0.3148081501963372,,0.49606517775497166,,727.6464786294583,,451.65440198612293,,156.7225242916454,,107.72731503024663,,87.65324834891544,,1531.4039682863888,,1433.4773961908218,,0.544636026552234,,0.33805874981470535,,0.11730522363306069,,81.28810910291672,,9.954983403007965,,1017.7304611589403,,154.15801659699204,,-16.5,,-41.5975,,-0.8922359149662498,,87.65324834891544,,1291.795082695806,,97.92657209556694,,1389.721654791373,,0.13629042303726002,,0.9126986031989738,,-0.013702704722446061,,-0.035286321513787515,,77.84121328082573,,79.42341165306132,,77.84121328082573,,4969566,288.45122414931643,,259.21217821307226,,259.941226798438,,370.56362817557635,,326.36746875765954,,333.9377893053321,
1898,256.4926378833635,,7.967286245353141,,418.51796318608,,678.6738119095619,,1361.6516992243585,,93.96925041185752,,1455.620949636216,,0.19421994940362627,,0.3073605118140576,,0.4984195387823162,,763.0995211575561,,399.09223071003004,,160.6044762182242,,109.76187183033655,,90.41623128392598,,1522.9743312000728,,1429.0050807882153,,0.5768836536991195,,0.3017034840563068,,0.1214128622445737,,80.0771233981934,,12.080402755921595,,1099.7671061496305,,152.4095972440784,,-22.5,,-72.68500000000006,,1.5045936793597576,,90.41623128392598,,1341.0700545111094,,93.96925041185752,,1435.039304922967,,0.13152320565858144,,0.9433819396188766,,-0.017990589867579076,,-0.0569145554098788,,78.70356048551803,,82.68471067849488,,78.70356048551803,,5036267,283.74291529583627,,270.3692435735354,,266.2825570032545,,360.5210660679663,,326.98819570744973,,338.33609986711116,
1899,256.0239996173369,,7.967286245353141,,437.06502035698423,,692.7676840296938,,1393.823990249368,,103.70216742410472,,1497.5261576734729,,0.18940073331314922,,0.3135726055904585,,0.4970266610963922,,778.2796588658085,,497.3788185879616,,171.43783043193238,,114.67511999999999,,93.08290912799868,,1654.854337013701,,1551.1521695895963,,0.5378216049786786,,0.34370816640024665,,0.11847022862107479,,83.89295298338862,,12.752366564202783,,1087.148067646337,,191.5426334357972,,5.1,,-45.545,,-5.533816003170223,,93.08290912799868,,1422.440113754554,,103.70216742410472,,1526.1422811786588,,0.1536795372146727,,0.8809077173194363,,0.0038364406363094092,,-0.03842369517041836,,79.26520550230222,,83.43186955128613,,79.26520550230222,,5103979,303.910374550835,,273.08576117757696,,278.69239151543417,,383.40955861397225,,327.31588378192737,,351.5948640382187,
1900,265.34099201862443,,10.343494423791798,,464.9506401954786,,725.980604595386,,1466.615731233281,,123.64378315028556,,1590.2595143835665,,0.18797322336819097,,0.31702280992479226,,0.49500396670701674,,796.4061414201042,,643.1529808763678,,179.29201223687085,,121.52837680031142,,97.02198079028123,,1837.4014921239354,,1713.7577089736499,,0.49195761390974335,,0.3972897613354461,,0.11075262475481068,,91.21061805679253,,16.335403537475504,,1135.2586183996937,,200.8915964625245,,-45.6,,-47.0825,,-3.404857449665478,,97.02198079028123,,1444.630859797102,,123.64378315028556,,1568.2746429473875,,0.16119439652259857,,0.9101077141613867,,-0.03383771115667249,,-0.03746439952731266,,83.76588092493958,,88.6312972598461,,83.76588092493958,,5179233,330.89025131204755,,283.1723792370957,,278.9275670349455,,395.01793290820837,,319.49479246241987,,332.98469968325793,
1901,284.6675948693038,,9.784386617100349,,473.10457370546453,,733.2353342800365,,1500.791889471905,,93.66456193873006,,1594.456451410635,,0.19619774303951973,,0.3152366274260313,,0.488565629534449,,820.8269758816314,,464.05337384853607,,186.9656381382475,,122.69019683519876,,99.83549233176225,,1694.3716770353758,,1600.7071150966458,,0.5576853710559657,,0.3152866384618111,,0.12702799048222327,,92.16932255239098,,13.94270389165464,,1214.073205947255,,207.70829610834537,,0.4,,-73.1725,,8.745388355843978,,99.83549233176225,,1563.7019091872523,,93.66456193873006,,1657.3664711259823,,0.15141477217308205,,0.8923235846243172,,0.0002732489764053978,,-0.044011605773804786,,82.6562171771362,,86.35728289805151,,82.6562171771362,,5263232,304.1300697169811,,285.1464441377285,,297.09917958912933,,367.945788113211,,330.1938580841597,,359.439603862383,
1902,289.61108362892736,,14.956133828996245,,479.0353350402198,,748.9922122276873,,1532.5947647258308,,114.61565801592722,,1647.210422741758,,0.19872651562424481,,0.3125649036951496,,0.4887085806806055,,844.7329680565236,,616.5164170652347,,191.99111078738437,,119.28946069792032,,102.32835518909862,,1874.8583117961614,,1760.2426537802341,,0.5109558894466785,,0.3729139339320398,,0.11613017662128189,,94.79768057661309,,21.61158027793887,,1236.2895590187534,,192.78041972206114,,42.3,,-88.31500000000005,,4.063932770670668,,102.32835518909862,,1605.8565275551357,,114.61565801592722,,1720.472185571063,,0.14259260580573,,0.8853091442248749,,0.02813382600835096,,-0.05603557603895584,,82.23544745463859,,84.54591356153128,,82.23544745463859,,5347190,329.19022024282555,,286.6168519775491,,300.3178356398661,,400.302096519154,,339.00733921214726,,365.19268142308414,
1903,277.88063080613705,,13.13903345724904,,506.3566533899132,,764.3839222573324,,1561.7602399106318,,130.8456004952971,,1692.6058404059288,,0.18634080752372018,,0.3242217598130737,,0.4894374326632061,,857.6977534454193,,695.3899950987263,,197.8892703037366,,126.54220735785954,,104.99259379366664,,1982.5118199994083,,1851.6662195041113,,0.4898395262833159,,0.397143987392983,,0.11301648632370109,,102.61757385165119,,10.70685719889821,,1280.2993321793344,,221.1431428011018,,45.7,,-98.4075,,1.5436794681209278,,104.99259379366664,,1668.5956792927732,,130.8456004952971,,1799.4412797880702,,0.14827931854968987,,0.8844424258663794,,0.029227366218334386,,-0.061949110634403656,,84.59351364137568,,86.14985319372737,,84.59351364137568,,5430942,340.9475224563457,,287.5670997610786,,307.2387219920178,,403.0421574658229,,333.7987113157572,,363.1941844791085,
1904,293.36566080956106,,12.44014869888473,,532.0416281425134,,804.3066192307018,,1642.154056881661,,117.77191775548229,,1759.9259746371433,,0.18622236338114967,,0.32399008236341986,,0.48978755425543047,,876.9686799365979,,600.0849284157916,,207.54901114429308,,129.12904564315355,,107.70340740699669,,1921.435072546833,,1803.6631547913507,,0.520578960157746,,0.3562174969163245,,0.12320354292592965,,111.00913867874785,,14.485296297654806,,1327.569129960587,,216.3617037023452,,16.3,,4.787499999999909,,5.075025173277709,,107.70340740699669,,1803.2912012196093,,117.77191775548229,,1921.0631189750916,,0.13614570760793765,,0.8484245250460436,,0.009613185503859195,,0.0058165818421594346,,86.96594951385443,,89.34194463612043,,86.96594951385443,,5509660,327.36378556777566,,298.04998073958484,,327.29627621661035,,376.4275413512547,,333.60588014230996,,376.3499140137247,
1905,301.16074014758107,,14.536802973977661,,555.849445021171,,839.4216561086575,,1710.9686442513873,,128.86573420624035,,1839.8343784576277,,0.18451392676438452,,0.32487412723123044,,0.49061194600438507,,902.2725154814382,,622.8411544235105,,221.27125981499015,,129.4562100302928,,109.5593854620277,,1985.4005252122593,,1856.5347910060188,,0.5166515698381182,,0.3566459741057163,,0.12670245605616545,,110.64217086825222,,13.97409335936994,,1420.721370797446,,221.82890664063007,,-33.2,,-99.07000000000005,,0.09649222841107985,,109.5593854620277,,1744.552419356137,,128.86573420624035,,1873.4181535623775,,0.14422263282576886,,0.936617777519459,,-0.020305896913167035,,-0.0605345134320609,,84.46962558131321,,88.62108630059346,,84.46962558131321,,5591412,332.03326655342494,,305.9993869618957,,312.0057007704203,,393.08007377610414,,345.2895916034902,,369.3702897618191,
1906,310.26716562085994,,16.63345724907059,,583.3834522756301,,912.643243722156,,1822.9273188677166,,126.61265191111035,,1949.539970778827,,0.1793272937908352,,0.32002562375223487,,0.5006470824569299,,926.0781759227312,,613.9741927224777,,243.09981790370745,,139.91436100131753,,115.54525442917839,,2038.6118019794121,,1911.9991500683018,,0.5193489276510088,,0.34431956921789914,,0.13633150313109219,,114.43847161163424,,12.370486271601559,,1510.0629587082824,,258.4325137283984,,10.4,,-164.06,,2.528055273554564,,115.54525442917839,,1859.7177400226497,,126.61265191111035,,1986.33039193376,,0.15526159381413285,,0.9313880615237229,,0.005962713026321649,,-0.09261236836417738,,89.67900438128781,,92.50031420811791,,89.67900438128781,,5672232,337.0805619495644,,321.37742582950005,,327.8634830209077,,375.87455868310104,,347.433874771958,,365.596702687434,
1907,307.6719463013057,,13.418587360594763,,580.3654968549488,,910.1496319831772,,1811.6056625000265,,136.75871007689184,,1948.3643725769184,,0.17724085340890006,,0.32035972776439714,,0.5023994188267028,,943.5434393891628,,594.8237885880457,,239.25012746740472,,148.19598754756137,,116.3384511046224,,2042.1517940967972,,1905.3930840199052,,0.5307910819497855,,0.3346185762454315,,0.13459034180478288,,116.28650046091268,,12.717813046182393,,1503.4752915249053,,248.4441869538176,,64.5,,-197.5775,,-1.8500341799270004,,116.3384511046224,,1862.3347089105134,,136.75871007689184,,1999.0934189874054,,0.14957764017672617,,0.9277006091761584,,0.03694165993291076,,-0.11421990928579534,,91.17506712213574,,93.61520764448304,,91.17506712213574,,5747263,331.530518791276,,315.2118952099506,,324.03853954665266,,363.6197145291556,,336.71013838586174,,355.40257854987817,
1908,305.50519820780875,,11.391821561338263,,569.3404705040631,,891.9313999047815,,1778.1688901779917,,144.15249392149298,,1922.3213840994847,,0.1782153661103733,,0.3201835740400751,,0.5016010598495516,,951.4549690406658,,651.9931297896123,,243.09981790370745,,155.56872623574145,,114.82986877160286,,2116.9465117413297,,1972.7940178198367,,0.515261456482276,,0.35308757703011656,,0.13165096648760755,,122.66635777956583,,15.967395024888408,,1482.210553079822,,240.9476049751116,,71,,-153.2425,,-0.34521636272241807,,114.82986877160286,,1894.034063268268,,144.15249392149298,,2038.186557189761,,0.14439882774258014,,0.9020195185147962,,0.03990548146166316,,-0.08632382771903942,,89.74207347574121,,90.08054194949366,,89.74207347574121,,5825198,338.66557288178643,,305.254669485568,,325.1450102242478,,377.37658576981,,338.8685979006633,,362.310561402551,
1909,334.4625936874943,,13.628252788104056,,589.7737153396084,,942.4636763676215,,1880.3282381828283,,142.27847649227348,,2022.6067146751018,,0.18512238417054117,,0.31365466058711794,,0.501222955242341,,972.8175073160604,,634.774437222019,,248.11390414451157,,153.05373599003738,,120.86281634746075,,2129.622401020089,,1987.3439245278155,,0.5242304474099095,,0.34206630198027355,,0.133703250609817,,122.63837737698208,,13.957247178253068,,1538.6029891090404,,243.30575282174692,,11.3,,-139.295,,-1.030290643344422,,120.86281634746075,,1910.3418921901387,,142.27847649227348,,2052.620368682412,,0.14376418448975328,,0.9283379665692557,,0.0063146868563851485,,-0.07841683791539404,,89.45803964454669,,90.47484095670893,,89.45803964454669,,5898429,336.92766743955303,,318.78458453646357,,323.87299943597503,,376.6320710562228,,352.34611209650865,,362.0390081460031,
1910,368.2032715458414,,14.536802973977661,,622.2227151907879,,995.5277998278442,,2000.4905895384513,,168.12820802585074,,2168.618797564302,,0.19132310670260338,,0.3110350623215607,,0.49764183097583586,,1003.4136244898763,,663.5565481778574,,257.658154271979,,156.0505487985761,,126.17726074117837,,2206.8561364794673,,2038.7279284536166,,0.5213544924205552,,0.34477126772469185,,0.13387423985475297,,125.2979165183263,,15.102458981846796,,1647.1899889017109,,260.1725410181532,,44.6,,-178.355,,5.945213528396543,,126.17726074117837,,2046.1303796896123,,168.12820802585074,,2214.258587715463,,0.14337589667333606,,0.9231933258822673,,0.023229733872058084,,-0.08979895642766161,,91.15490245101387,,92.67466031962344,,91.15490245101387,,5945525,342.9012456349299,,336.46996514831767,,344.14629148638886,,376.1742225759093,,363.0657657528761,,377.5400798342482,
1911,400.96669181692056,,14.676579925650524,,676.8234420551889,,1109.4762335972223,,2201.942947394982,,180.41503126586957,,2382.3579786608516,,0.1887620531832124,,0.307375557961621,,0.5038623888551667,,1034.9604044123816,,737.5397141940568,,279.31944060018935,,165.53408151210868,,130.066302456883,,2347.419943175619,,2167.00491190975,,0.5044110237513124,,0.35945642046576437,,0.1361325557829233,,127.68774352308878,,14.392289225276294,,1802.2462292515327,,276.9737107747237,,63,,-323.805,,12.54014087353086,,130.066302456883,,2103.1014161050352,,180.41503126586957,,2283.5164473709046,,0.14767400639984696,,0.9781549043018112,,0.03193050116757054,,-0.15775941186922862,,92.90042881019932,,98.6244389496827,,92.90042881019932,,6022476,359.81960109259876,,365.6208754331245,,349.2087666443229,,387.3174814162914,,370.7203603152166,,375.8957532454189,
1912,383.2668278030761,,16.074349442379145,,721.7629736288677,,1188.8619080877568,,2309.96605896208,,225.84633913963177,,2535.8123981017116,,0.17287750860932055,,0.31245609468096347,,0.5146663967097159,,1080.4076585910768,,961.429267936782,,333.7573166290334,,177.25363881401614,,135.8090063992576,,2688.656888370166,,2462.8105492305344,,0.45479469471829453,,0.4047110615401866,,0.14049424374151884,,138.1369508674283,,24.36655945794615,,1905.2872653613601,,319.39844054205383,,20.2,,-356.4325,,-1.229643829862539,,135.8090063992576,,2185.536078798183,,225.84633913963177,,2411.382417937815,,0.1677125723853908,,0.9969250266267107,,0.009854970582185197,,-0.17449256959428647,,94.29328214691324,,100.4691703682703,,94.29328214691324,,6114300,402.79517675458095,,377.7973045094418,,357.4466543673328,,427.172718547444,,376.03306877584805,,379.0796610626138,
1913,364.8549993526096,,18.8,,782.252692727084,,1248.4818529960794,,2414.3895450757727,,278.2116291047723,,2692.601174180545,,0.15890352082375714,,0.3239960570250622,,0.5171004221511808,,1142.6076221450871,,1155.15891761017,,372.2,,199.2,,142.3543809161848,,3011.5209206714417,,2733.3092915666693,,0.4279482926590625,,0.43264921129538114,,0.13940249604555635,,146.43570071727498,,22.89076282520319,,2020.3172934207564,,396.9342371747968,,24.6,,-522.075,,10.138193141581965,,142.3543809161848,,2241.595568195798,,278.2116291047723,,2519.8071973005704,,0.19998893054496858,,1.0321601001673875,,0.011718520077189848,,-0.24386755078954608,,100,,100,,100,,6212701,439.9550681043027,,388.62155849376506,,360.808538539968,,439.9550681043027,,388.62155849376506,,360.808538539968,
