year,miningValueAddedCurrentPrices,ceramicsAndGlassValueAddedCurrentPrices,ceramicsAndGlassValueAddedCurrentPrices_state,diamondCuttingValueAddedCurrentPrices,diamondCuttingValueAddedCurrentPrices_state,paperValueAddedCurrentPrices,printingValueAddedCurrentPrices,printingValueAddedCurrentPrices_state,woodworkingValueAddedCurrentPrices,woodworkingValueAddedCurrentPrices_state,foodstuffsValueAddedCurrentPrices,textilesValueAddedCurrentPrices,clothingValueAddedCurrentPrices,leatherValueAddedCurrentPrices,chemicalsValueAddedCurrentPrices,metalsAndEngineeringValueAddedCurrentPrices,shipbuildingValueAddedCurrentPrices,utilitiesValueAddedCurrentPrices,constructionValueAddedCurrentPrices,industryTotalValueAddedCurrentPrices
1807,3.1405434948310953,,blank,,blank,1.001163041825506,,blank,,blank,41.947647008309474,21.98200614192985,30.9,9.99259259259259,3.8658153204680943,4.274456925696133,0.33825947245980764,0.11971181340789079,16.9332,142.71345218777395
1808,3.121982265449064,,blank,,blank,1.0094703094153963,,blank,,blank,40.51158198924318,23.434508289821874,29.648673552147596,3.944444444444444,3.409855251234207,4.457681549366018,0.39827401774802956,0.11971181340789079,17.304,135.14225781747734
1809,2.8109755766685534,,blank,,blank,0.9833788759911841,,blank,,blank,37.679069969817945,12.488413810673581,23.8646518708363,3.155555555555555,3.9218659815337,3.9044068352321526,0.38911740894408486,0.11971181340789079,16.315199999999997,112.0867886355101
1810,2.7331586192744495,,blank,,blank,0.9350634305297265,,blank,,blank,35.475438404800535,11.817100294107957,22.75785039703162,3.155555555555555,3.617797711035221,3.421212427632447,0.41761232499663925,0.11971181340789079,15.45,106.00470955817167
1811,2.514173461387902,,blank,,blank,0.8894856961875488,,blank,,blank,26.007409453558076,11.181873172848878,21.702380470363952,3.6814814814814807,2.475638340883243,2.9991845113235405,0.5114369888561734,0.11971181340789079,14.955599999999999,92.35667102071105
1812,2.2000160673899427,,blank,,blank,0.8161163242469349,,blank,,blank,27.540319277246756,10.580792626091185,20.695861422037808,5.259259259259259,1.9302692485389996,2.6305445719369374,0.6365404552941436,0.11971181340789079,14.5848,92.30982935036492
1813,2.075347462560505,,blank,,blank,0.7830476498573194,,blank,,blank,26.383992030434936,10.012023107915699,19.736022994578438,6.048148148148147,1.6209625179364846,2.3085046766317023,0.7651559642735261,0.11971181340789079,14.090399999999999,89.07249496803762
1814,2.490404482161003,,blank,,blank,0.9030378976243819,,blank,,blank,28.885877751847172,9.473827742002477,18.820700221144783,2.8925925925925924,1.7787361520291918,2.0271412166217595,1.009186123624056,0.11971181340789079,13.3488,86.74517762023875
1815,2.5262534254177087,,blank,,blank,0.9477455267031255,,blank,,blank,35.9163734872377,8.96456301765574,30.54460792071463,7.888888888888888,4.023018288929996,1.7812847546080341,1.0325013820000628,0.11971181340789079,13.4724,113.76863756058783
1816,3.170028209576869,,blank,,blank,0.9276418677029158,,blank,,blank,35.773197977199054,17.325456724241352,33.26855953121529,6.31111111111111,4.342652582641009,1.5753151431851868,1.0902855280378578,0.11971181340789079,13.2252,124.2860898269643
1817,2.0120737734247807,,blank,,blank,0.8988152232577817,,blank,,blank,32.68430076999276,18.4584602673059,25.527246730170994,9.466666666666665,3.942632506339904,1.774669960436385,1.1964412813989784,0.11971181340789079,14.337599999999998,117.16551490205286
1818,2.6339669337072307,,blank,,blank,0.9088161847235448,,blank,,blank,37.83341523444188,21.10770305109438,27.681557462241532,3.944444444444444,3.558515713351908,1.8840312402950234,1.2233340722504622,0.11971181340789079,15.573599999999999,123.58569365484969
1819,2.471833213158165,,blank,,blank,0.891348603743548,,blank,,blank,27.49702139891553,20.722908979965034,17.241983336181185,8.414814814814815,2.7446648268789295,2.4399261164743082,1.2444933998407977,0.11971181340789079,14.5848,104.3844113190919
1820,3.205802610852902,,blank,,blank,0.9071119683039188,,blank,,blank,34.99992630877002,19.360939838301615,20.871157121332118,6.837037037037036,2.8289103142829535,2.637762986981027,1.3926545111460717,0.11971181340789079,14.337599999999998,114.06708972910454
1821,2.8993203080620673,,blank,,blank,0.8508886712410499,,blank,,blank,32.7535797364224,19.196519816822846,21.636529722815723,9.99259259259259,2.648305883216308,2.853632629829728,1.5329002234955658,0.11971181340789079,13.7196,114.81513212553607
1822,2.8212337068482047,,blank,,blank,0.8384569864411289,,blank,,blank,29.525896363094766,17.831956155128832,32.80681603641166,7.362962962962961,2.18507827264105,2.3442073981966605,1.682984459734871,0.11971181340789079,13.596,117.90476953618811
1823,2.9312894460628414,,blank,,blank,0.8365320804075925,,blank,,blank,36.90829457198758,18.004944762390167,35.544096829425925,9.72962962962963,2.0959294825123576,2.7017770863224166,1.8296397629784704,0.11971181340789079,14.090399999999999,132.41741138521965
1824,2.6225080910802103,,blank,,blank,0.8611548367532427,,blank,,blank,28.359751759009875,17.678380454812643,31.19147264861518,8.414814814814815,1.932358264197419,2.8299269919316874,1.9613150003321946,0.11971181340789079,14.337599999999998,117.04919222281039
1825,2.74058884761763,,blank,,blank,0.8427743961484789,,blank,,blank,27.838590326857567,19.425358153967238,30.682673583394994,7.625925925925925,1.7400359719186893,4.514032588917979,2.1130957472988814,0.11971181340789079,16.4388,121.05230119084527
1826,2.67509255600864,,blank,,blank,0.7829281145255662,,blank,,blank,32.21674320243654,15.690209646101115,35.4525471770268,2.6296296296296293,1.6274225940057672,4.447017462029626,2.264987943875396,0.11971181340789079,16.067999999999998,120.93844780522286
1827,2.5577621732857367,,blank,,blank,0.7661829616046105,,blank,,blank,37.89256681508461,16.02725900330411,38.14760042522712,10.518518518518517,1.5963851837374137,3.7664838269212457,2.4527731064615,0.17234786155915344,15.45,137.2514081902127
1828,2.769686878936434,,blank,,blank,0.8712955382393298,,blank,,blank,37.92677447653172,15.783654374208977,39.36290665094618,9.72962962962963,1.7029633186724351,4.637358492924733,2.528067224532264,0.18625235035718116,15.45,138.9499251871625
1829,2.8117735849268195,,blank,,blank,0.8574446862669657,,blank,,blank,43.99615480514198,15.181822594934468,36.72790215975785,8.414814814814815,1.7939703323126357,3.994743081120394,2.814734195944718,0.19683259864719999,15.697199999999999,140.58275446120302
1830,3.351769898500831,,blank,,blank,0.7925185627180403,,blank,,blank,37.889834244578516,15.110360383297927,37.92078940030906,9.466666666666665,1.7676074090673983,2.915897996345907,2.8124048990993136,0.19689007404213305,15.573599999999999,135.60718646763866
1831,2.501260865126486,,blank,,blank,0.7678889036938673,,blank,,blank,36.941303891992824,14.558770619307396,41.52066410421539,9.466666666666665,1.793875887225064,2.620931777406491,2.6557315142611806,0.20651430791174852,15.45,136.33432738224906
1832,2.641365618450398,,blank,,blank,0.7573843212342852,,blank,,blank,32.445223018339846,14.842726333943801,42.44404456710445,8.677777777777777,1.712586056386056,2.4421916152745347,2.7768165620232543,0.21963411551384893,15.45,132.0115443298021
1833,2.611469837498208,,blank,,blank,0.7710869421073471,,blank,,blank,32.18928106353991,15.546156138240654,35.18264193485771,13.148148148148147,2.011986249655575,2.81439242439088,2.870826784571124,0.24463675299694418,14.831999999999999,129.69078105654322
1834,2.8691464373176068,,blank,,blank,0.8311638947741931,,blank,,blank,36.32009934604979,15.738718497275599,38.12708355731519,12.885185185185184,2.0944594212107406,2.8431211972478287,2.9804647190748694,0.30550669709075595,15.45,138.41551135002177
1835,3.0511424179418984,,blank,,blank,0.817315964674272,,blank,,blank,41.3893520924526,22.089884259314456,35.16092858958746,12.885185185185184,2.1772182000950684,2.4308931551464923,3.0900060639167632,0.4414607907459733,16.4388,148.52489080698842
1836,3.286955848012637,,blank,,blank,0.7944223685183646,,blank,,blank,46.79720904734071,27.6604624915353,35.34366748062929,14.462962962962962,2.3726144897407013,3.70616346708573,3.3947848352552574,0.5587559848301464,17.7984,165.71922714248214
1837,3.628629250440325,,blank,,blank,0.7524264723852352,,blank,,blank,46.6027470999642,30.03859346941796,34.52261168787683,13.148148148148147,2.2643267838924994,3.4826922780785354,3.699733257666489,0.5903368934543507,18.0456,166.3553014087675
1838,4.165163176379359,,blank,,blank,0.7487809952903455,,blank,,blank,49.81064010450014,37.587307128759,30.085970858203652,16.566666666666663,2.088786293674322,3.762286638151645,3.9916569356758287,0.6149735300545001,17.922,177.56944730374258
1839,4.264890081296109,,blank,,blank,0.7208489144499164,,blank,,blank,52.78129644224941,34.14932181532807,30.58386356858508,12.096296296296295,2.0043797880822507,4.643040374630526,4.314682484801154,0.6292724029138169,17.7984,174.00632732182981
1840,4.1846111210184285,,blank,,blank,0.6900280626476671,,blank,,blank,58.089763888694364,37.566037752465455,30.106901525321835,9.72962962962963,2.130893963897134,5.03886561510298,4.60900480607979,0.6906650439697087,17.304,180.5364703762405
1841,3.7882677320069567,,blank,,blank,0.6816925292546031,,blank,,blank,63.1565258485745,38.25648683736635,32.80784830106423,10.78148148148148,2.1415082034059996,4.780626663358465,4.8690600873233265,0.7261462224391174,18.7872,191.822830170555
1842,3.8409610545134085,,blank,,blank,0.6426281732363007,,blank,,blank,61.48737617855576,40.09937144450487,21.30817900114475,11.57037037037037,2.3663433304852237,3.276672618308335,4.197981121692313,0.781176969311411,15.8208,175.49777967747823
1843,3.4374963149737185,,blank,,blank,0.5906094113990275,,blank,,blank,53.70492915548939,37.52146810851179,21.41894221546661,9.99259259259259,2.253529368218321,3.0116296544987704,3.8843928778614187,0.7884484811259715,15.079199999999998,160.95152127024383
1844,3.6068710332265046,,blank,,blank,0.609988014615986,,blank,,blank,56.248085869884044,31.133337778959866,17.976074062447754,8.94074074074074,2.2446546558254212,3.610264604579026,3.1136569094512523,0.8928559222864159,16.4388,153.66396367017322
1845,3.54049538421637,,blank,,blank,0.6054961750067582,,blank,,blank,63.93050679085935,35.52636901320898,17.537005781054575,11.044444444444444,2.093882983467561,5.039338191035442,3.2170066093027048,1.1067707044807895,18.4164,171.95990967182772
1846,4.108717712131594,,blank,,blank,0.5953281765646946,,blank,,blank,61.58392937038127,35.321832228164816,20.621154664091236,7.625925925925925,1.996219303309478,6.6121634606711375,3.5275398954953148,1.2515501140284306,17.922,171.01409007179456
1847,4.026040039024927,,blank,,blank,0.6425551656449923,,blank,,blank,56.749617486136636,30.67746212943654,19.53259366427093,8.414814814814815,2.041581340065836,7.7953259290004135,4.184018962238867,1.3915134388854045,18.9108,163.79855027443207
1848,3.7170895274414577,,blank,,blank,0.5770514134069489,,blank,,blank,53.81283325290131,24.4824460669205,20.742168679193256,10.78148148148148,2.106506774223398,8.018250298800488,4.410296343401549,1.544907011450052,16.9332,156.11606765552258
1849,3.671491275543246,,blank,,blank,0.6448510514293682,,blank,,blank,50.647860718593094,27.23075404374056,19.849428300401335,8.414814814814815,2.153527616557513,6.72571332960174,4.904941908371933,1.5638088515339104,17.0568,151.59339363154416
1850,0,3.8,,1.695032781251334,,0.6506650285140755,0.67548925808271,,2.1802221784235636,,55.840438635397575,18.22943843529532,18.6,7.1,2.2,6.623521146443633,4.93923,1.60665749789604,17.427599999999998,145.71993888639764
1851,3.954878366945738,3.8193852536702946,,1.6977962318947792,,0.6144280298196305,0.7100177517405315,,2.1585854142477316,,50.53969363806053,19.488734523097907,19.419846881686432,7.5145583281638135,2.1347735056147603,6.695170660509791,4.630739999999999,1.6413970779762206,16.9332,141.95320566342815
1852,4.504699546025589,3.833703008251842,,1.7005641878549025,,0.619188476401737,0.7611139532979558,,2.2781989698127587,,44.44676167955742,23.202130396567217,22.108202674711634,7.745667261011225,2.2474322032499527,6.785854511374531,8.48517,1.6711851950380574,17.6748,148.06467206315483
1853,4.018807814612395,4.213680216195015,,1.7033366564768244,,0.5720137849650708,0.8613888718168756,,2.612284236196977,,42.97052074259044,22.935769823444193,23.215667254313388,7.7015960735795215,2.4091202118260475,4.629816940117304,13.18371,1.9424987662494881,17.922,150.89221139238353
1854,4.475642966157937,4.615163290613469,,1.7061136451176397,,0.5602654140856078,0.7438380226404002,,1.6338066342369055,,55.507574439113924,27.52297671727196,25.17532357188849,7.370629516021335,2.761443915343472,5.25761562914402,10.631039999999999,2.005214731775874,17.7984,167.76504849341103
1855,4.381098512949624,5.010533608721381,,1.7088951611464396,,0.6234992760430195,0.7711910124960023,,1.605927182693816,,56.523807000851185,21.726671846769634,21.44506291947153,7.110150836773213,2.6933923694001454,6.926249566267277,9.7293,2.173269962270362,18.2928,160.72184925585364
1856,6.58408905736702,5.456581253182192,,1.7399734633814234,,0.8228030799704724,0.7099529755058485,,1.4208695120671748,,52.70913836320631,19.233762651478887,21.041174222631962,6.883265498921075,2.907965702537472,9.938769206063581,15.248219999999998,2.271108098825842,18.9108,165.87847308513926
1857,6.808074394949262,5.560138823430587,,1.7617024331387219,,0.9282486832608671,0.7144437648851266,,1.713070815782598,,63.93984111636161,18.19182920725487,21.848640413504764,7.120986603243704,3.4763987066587023,10.527511990873258,21.095969999999998,2.5052093494719716,18.1692,184.36126630281603
1858,6.360949835314427,5.631069457016507,,1.8260744950654004,,0.8601230054563398,0.7299574009226321,,1.8473689628996492,,65.06707086607977,14.75122838441452,19.05184860358197,8.242273835689952,2.994766354432116,9.476424951251913,11.251409999999998,2.63423375685694,19.157999999999998,169.88279990898212
1859,6.362887762862774,5.731393302478697,,1.8953902445665889,,0.8387970075997916,0.632300700332937,,1.42879812413612,,40.741391467888135,17.38993166602085,20.098106388169565,7.6841406679698965,3.2714052726895644,7.108140945034386,15.54315,2.9567701574945784,19.281599999999997,150.96420370724388
1860,5.747824680332274,5.762623142714058,,2.0691783029151516,,0.8571553630443157,0.64138581472354,,1.878136648029697,,55.6149359516091,19.168641983326157,21.4522610704093,7.1131975200568816,2.8598273632713394,6.441059092731005,17.37036,3.3178149223360123,20.2704,170.56480185549884
1861,6.551228509458266,5.887223800811082,,2.2037927714705328,,0.8986769934411046,0.7453276029363552,,1.900035482721585,,48.51927865784265,23.43014992380981,25.534872752120624,6.604215363415549,2.8518945940891602,8.803062909196447,16.217760000000002,3.6204067158749833,22.124399999999998,175.89232607718816
1862,6.947455115945644,6.013187073134598,,2.5290126020187076,,0.9924141632251808,0.7628782697452589,,3.406386621562551,,55.1756648848602,24.045267190722242,24.95787311910961,7.154634521389966,2.700894234981641,9.239078322710869,13.709159999999999,3.724565582526882,22.124399999999998,183.48287170193333
1863,6.676195485850043,5.756742489100396,,2.7655015403901957,,1.0912795810685818,0.951705115263058,,2.766286663183926,,51.86701378469088,35.58960608655758,37.16926646524698,7.199254721054059,2.7075068228409074,13.047368646965404,13.668479999999999,3.8314475585569427,22.6188,207.70645496076895
1864,5.531297523694826,6.269251011127915,,3.0344990907598883,,1.3238904649617778,0.9236562280194878,,2.548086563751253,,51.201568116077695,35.635774590881496,41.55845093766901,7.5147802408712305,2.6815679184445402,12.67444544310252,10.69545,3.867729042179123,23.731199999999998,209.19164717154075
1865,5.433088495352638,6.399376709380976,,3.040032131742744,,1.3260824308306416,0.971197357402844,,1.8255029216924032,,56.97387512482003,40.24299135162421,41.09647866369173,7.744976583482875,3.0919102496210136,5.7763843131818176,9.72591,3.960937282645676,24.2256,211.8343436154696
1866,5.3557051770173265,5.7145507025674105,,3.1647703158046783,,1.2681289607474302,0.8772366295421516,,1.368326216678809,,63.0330408867451,38.54810520707193,37.51048503508792,7.310458213476814,3.7613673396307403,5.527072013618093,6.30201,4.251533986097445,23.2368,207.22959068408585
1867,5.582627096361576,5.83089406036451,,3.431729613813534,,1.4302364245965076,1.8647957618140254,,1.2250344104582567,,55.83776834979666,33.878956568825025,34.02761061246135,6.880001553646945,3.6459248537295856,6.75168491986911,19.51623,4.4033863548056145,23.3604,207.6672805805427
1868,5.039952221490086,5.6042630569303205,,3.6542913601367855,,1.5253954763122672,1.920335786196041,,1.1292304695257127,,60.65497032676794,30.52216720296463,33.846825925189265,6.64672117094838,4.132834140189095,6.581465717242904,4.88838,4.549666437973047,24.72,195.41649929186647
1869,5.0924445065486905,6.12402526904813,,3.813094885785454,,1.5163500387861408,1.6829324724819255,,1.5474527322766858,,58.029866662706134,33.85772628588531,33.15767784192276,6.8990522306028925,4.142059671025245,5.628475184568108,12.43452,4.567660142570664,27.068399999999997,205.56173792420813
1870,5.180293679996932,6.893098294601147,,4.023620625830332,,1.3785462114884235,2.821899754344677,,1.5344313606504285,,78.00280314703691,29.177707617417358,29.89889828353209,7.560829645074232,3.097290644211571,8.519046858437662,13.380329999999999,4.679973358883211,26.9448,223.09356948150497
1871,5.242733746186374,7.2387986046062,,4.3338138193429385,,1.3977680363811429,4.054186517760352,,1.5305305160171552,,72.5137224637796,35.08448326560905,36.89924961966163,8.807928509619632,2.7503585034338265,6.104438873845109,11.454809999999998,4.854582572501201,30.0348,232.3022050487442
1872,5.276101865114645,6.719417592096134,,4.896246599500469,,1.4235866962599526,4.112495786089507,,3.177620534279964,,77.50769857831041,59.930013242248684,58.56121935072787,9.460744556784327,3.1492219201065033,9.343947503691924,13.356600000000002,4.903368161581474,32.2596,294.0778823867919
1873,5.288105716658788,8.649886758782918,,5.346012870752502,,1.6165821883957097,5.544218738813583,,6.142156807065988,,90.0866546790058,71.45179349055546,69.37828843584624,10.045796901630563,3.83848120920929,26.11555478702609,12.620969999999998,5.061012505697081,28.304399999999998,349.48991508944
1874,5.071752308211632,9.672312553559504,,5.950463976278351,,1.7723165390796125,5.293199114977104,,9.384466342107356,,75.82666260741541,56.27091353183107,62.04186126003378,10.333868029639127,4.363015631349851,27.7999362372779,27.136950000000002,5.215716359741098,28.304399999999998,334.4378344915018
1875,5.040216621685226,11.025074617629782,,6.6595512701566335,,1.655420701967888,5.577846162588072,,6.881980275374008,,74.81383023749012,61.96967095737756,62.6216475701077,11.948088813327148,4.312991657142298,21.034948848073668,9.24792,5.637166499947531,36.8328,325.2591542328676
1876,5.181440301250393,12.409955091789875,,7.47383656907288,,1.4256254948894973,5.351625307642281,,8.29774624390041,,80.63562237145075,47.36673961478862,50.23610062272773,11.041643809805292,3.683092268148511,23.456922380029706,22.682489999999998,6.220607790985195,40.66439999999999,326.12784786648115
1877,5.425377673728834,15.084008875480043,,8.349766929186544,,1.4798557701754185,6.226058112042957,,9.33994161192166,,91.3421555792097,58.32925423218071,51.7410718799524,10.677455637415258,2.952190225061341,21.89381514553417,19.397579999999998,6.84507020729014,45.114,354.19760187917916
1878,5.344906321966119,14.63977597271407,,9.111159926588357,,1.4457145802523275,4.773561832418694,,8.596460317954946,,89.80072821353549,53.349437650119455,47.182946676189026,9.656942706590476,2.919193988125261,22.31388923184691,13.83798,7.521623035395016,37.3272,327.82152045369617
1879,5.486423025291058,11.601587687843113,,9.823645881354668,,1.420065594537235,6.721585583058425,,7.508599011440989,,82.53813254035595,38.99353190063964,41.26076939340283,9.007048317523344,2.3712580627903015,23.64940126108736,17.072039999999998,8.152555643111922,47.8332,313.43984390243685
1880,5.236996840380288,10.440997265274117,,10.70800805117279,,1.586215870777663,6.098398922602977,,8.225986770715195,,101.45893826318591,39.12451564707883,41.11464474194989,9.163275841145543,2.4130800084206623,19.204194924920078,11.783639999999998,8.845443767098937,46.2264,321.6307369147229
1881,5.145922182880917,9.909015687295422,,11.68249973739679,,1.4976024734263471,7.325572636263106,,9.68895961395619,,103.09093699572546,58.51809209075164,48.091819785050404,8.80731667278384,2.201346758866454,17.738021521309125,6.5732099999999996,8.669286011404896,51.170399999999994,350.11000216711057
1882,4.823557911205699,10.55891482645703,,12.603286333537064,,1.526740446116845,6.74608130367777,,10.413981276683293,,105.14148376882233,67.46957573054118,52.1649738657915,8.427593524748756,1.8080415735625626,16.581078552499257,17.49918,8.905800006078655,52.282799999999995,376.95308911972194
1883,4.430643899927374,8.822028408011136,,13.431215003667829,,1.7174038880988614,7.9767635405355,,9.709149712173641,,115.08284922131244,48.92635767246914,41.56772226406264,8.023043700720917,1.7244701731168959,18.50317397328865,13.9329,8.699706889870898,52.1592,354.7066283472559
1884,4.435774573704992,6.5171351305467144,,14.184062938213566,,1.7469795606487746,5.566553440681211,,9.53176121088825,,113.74148812659269,49.310094866349644,42.33255700597038,7.993833281944077,1.5081666503275826,21.432976843637025,9.37674,9.913138779133112,47.586,345.177262408638
1885,4.188391363357516,6.441779291492963,,14.566302205048578,,1.8313242047058225,6.345551935278471,,9.279895037279339,,108.57852291725999,49.77912280503919,42.264884220578466,8.604002103414343,1.471019306789625,20.053483765783827,9.60048,10.597640084728138,49.44,343.04239924075625
1886,4.091727058382932,6.639468234450498,,14.965277017593534,,2.004932846929638,5.648361282134772,,8.6493614853488,,101.3631474447989,45.401327655505156,38.64251657923242,9.057101153645426,1.680590682530311,18.28989422195335,10.05813,11.043708093609673,56.114399999999996,333.6499437561154
1887,3.9030422353541643,6.398398497575623,,15.40896073716764,,1.868494836473068,5.081005050275366,,8.079179415589925,,122.41221665872523,51.69635198788248,41.93005093974763,8.912538526542756,1.6411552629006254,15.866958227787451,7.46817,10.626297639719473,50.7996,352.0924200157414
1888,3.8140552782729293,7.540907571304997,,16.45399479035599,,1.8260490125202462,6.926920320386148,,8.452071829802453,,141.1059701871945,46.429165394785834,39.00303257900318,8.708747133320204,1.9590324923882751,19.45550635980156,8.38008,10.363711798052268,64.3956,384.81484474718854
1889,4.1059351598577365,7.272937142962356,,17.277610692805155,,2.0323662286971778,7.719336315860935,,8.98720154177329,,153.6445840523355,45.43888193343841,37.19653380554628,8.805921679453668,2.0031090245310503,25.325575783165604,8.973329999999999,9.8844459085546,55.99079999999999,394.65856926898175
1890,4.084991176688279,8.763596212590155,,17.206645517134856,,2.1085412159290122,7.631572062772123,,7.941708481997487,,128.66689622122783,44.611939676924514,35.56617215149083,9.12082567578792,2.081442889269136,26.46075041109659,14.749889999999999,9.565927985724066,57.2268,375.7876996786328
1891,4.458196418403626,10.094945429980632,,17.425430803651782,,2.5973771857867747,7.6095056194475195,,7.985754244299524,,130.45879809461613,44.92206133378442,33.0134365392046,9.727105171397856,2.268754235692142,25.359992012369382,20.31966,10.077687914859156,54.6312,380.94990500349354
1892,4.024258743698854,10.716443630972417,,17.613301546173314,,2.2458245816708073,8.576330952138669,,9.154044345474892,,132.29509679643738,33.00752713456328,24.66604495419538,9.97341331977761,2.2753741235637293,23.98155108500777,16.19403,10.731479617704567,54.8784,360.33312083137866
1893,3.2315988373183937,10.299676361327831,,17.65579199048832,,2.6207928922714583,8.874430332262566,,9.424220665070091,,123.32030140378686,32.74813963361903,27.142492020956997,10.275539961045117,1.830131705565398,20.771859669609867,8.9835,11.252997846076735,54.136799999999994,342.56827331939866
1894,3.4185643527105634,10.201702006348876,,17.526092115061655,,2.891839705822236,10.330577462969755,,9.906528708846876,,158.40515382265227,31.130031988774387,27.499585479385082,9.876823058550155,1.6929294218173954,20.04645093525934,19.41453,11.84457666549531,55.37279999999999,389.5581857236939
1895,3.2027356575553947,12.480658122569157,,17.51105285283182,,3.3005320068930017,10.833978835178776,,9.94343811801813,,131.76084383611612,31.883075468728503,25.848821870622935,9.643024182158307,1.7258570759307281,20.044930471556054,9.30894,12.300382206197094,55.37279999999999,355.161070704356
1896,3.335952356547904,15.840583421110976,,17.580910384112716,,3.4923644679814685,8.06314567993556,,11.054078401014495,,142.42721313194426,32.227445213810114,30.818357885093377,10.875992252892452,1.8756374295127443,20.099902367839853,20.75697,12.926206782168784,60.934799999999996,392.3095597739647
1897,3.583445275350938,16.87517230819307,,17.649898639901206,,3.8257007012499047,9.187323875202289,,13.346120864840344,,146.2294548001828,34.85272599728976,30.79956540545839,10.343430863136533,1.8977790695979126,20.844789873100027,18.0687,13.627345480503102,64.3956,405.5270531540063
1898,3.5950404191967773,16.3908494233204,,17.49303280686326,,3.532995463974448,9.670519052669365,,12.971285177741777,,134.53061908829295,40.91462880902539,32.60819650321687,11.220187109131002,2.584248307600045,30.125263020305308,28.46922,14.34227800474243,60.0696,418.51796318608
1899,4.028971332150322,17.04404631783806,,17.281141154885475,,3.5262342424556143,9.586111732286378,,13.438594019682549,,148.96087490368342,38.755251221011335,33.189319979753954,10.91406537333324,1.8939157722042554,34.94867849073483,19.285709999999998,14.872505816964829,69.3396,437.06502035698423
1900,5.156175308387259,17.559402975163756,,17.34198937788,,3.924301159376945,8.75302885057712,,13.94742933211878,,138.11164239457187,43.20937095643443,39.49511920289507,12.159548216212706,2.084211621643419,40.2367724815639,32.58468,15.732568318653389,74.6544,464.9506401954786
1901,5.4410465930970675,17.220258898830224,,17.459235707909837,,4.558092185229351,11.038222154401309,,14.103973828092354,,147.65796008197012,44.07465495544603,37.84335171513328,11.883292694450482,2.4294660554962415,44.73934417468823,25.24872,16.606554660720036,72.8004,473.10457370546453
1902,5.143114994223845,18.565966683294704,,18.083889444382045,,4.818803417164811,11.198563661951995,,15.408624401881578,,141.70912840821956,43.79414654086488,38.14847651460815,12.234396470241343,2.6368374138162554,43.890332860289924,29.09976,17.91849422928073,76.3848,479.0353350402198
1903,5.0541936388486715,22.03751056214889,,18.456857144281436,,5.6668546132875255,17.355704634463297,,16.873157301213087,,149.30016197589873,47.195294493843924,41.57820963663636,12.31270833922182,2.7111589525539928,44.444897068960586,18.55686,20.02348502855493,84.7896,506.3566533899132
1904,5.053418326372277,23.65231446152723,,18.886518193948255,,5.273064903892239,12.461858440602647,,17.359738907504912,,154.00002264560706,56.587366743895004,46.15423525380502,12.407836052163374,2.67274558567423,45.18668586563984,23.06556,21.895062761881338,87.3852,532.0416281425134
1905,6.34411858435226,21.6519089057538,,19.713135564686628,,5.883530450420052,17.35371676131793,,18.312023348735206,,162.79217740450972,55.549390758675464,46.667413448833706,12.9075740092012,2.406525148969133,53.18161936178837,22.706220000000002,23.736491273927545,86.64359999999999,555.849445021171
1906,6.603352034862458,21.148199603832193,,20.090087202185586,,6.351395955792602,11.830567901579458,,21.74623431254363,,165.22937682698355,60.523540621010596,51.05679549669023,14.49743674680208,2.9767501150390063,51.6204756665129,31.0185,25.74353979179587,92.9472,583.3834522756301
1907,7.867891537552563,21.225970736723024,,18.76742330627158,,7.13573439774643,18.43493136018813,,20.711306874468686,,166.88964126193352,64.33945726773584,52.42127129624326,15.679112315986925,3.601156709519868,53.67652602800896,25.04193,28.311943762570053,76.2612,580.3654968549488
1908,8.967397508557536,21.227936995146703,,16.87160086095836,,8.062521488286727,13.193892622474506,,19.396745353649713,,169.54022993888654,56.76701670368432,44.167939184181016,14.93171175332913,4.447818886006558,56.02894284285001,26.34708,29.914836366051993,79.47479999999999,569.3404705040631
1909,9.56322660040413,22.070347413116274,,17.75732831717887,,8.945802597076575,18.080020759505736,,20.21902445172761,,169.78657243790573,47.30594633526647,41.16284914963383,15.5881580565548,6.018324747809511,59.148514516956084,32.110079999999996,32.40751995647283,89.61,589.7737153396084
1910,10.284852214085673,20.97936939128813,,17.791018517715166,,9.191591484218371,12.745235661864678,,24.76839174195281,,191.24137446737632,51.83448847525853,42.60454514406881,17.89924048189085,7.342099234901295,56.650895689192986,25.584329999999998,34.17808268697428,99.1272,622.2227151907879
1911,11.0192935726473,23.248650664687116,,16.68215900660274,,9.027534545963356,18.690272390036387,,28.274644707883525,,198.52999730343961,63.28595285895264,47.867341509409115,18.666496877168637,16.182085558200058,63.24814754589535,22.353659999999998,36.04680551430314,103.7004,676.8234420551889
1912,12.775901736751226,24.899176837279146,,15.855223239537581,,9.197702537527107,19.36694269769833,,32.104021693404206,,209.25139645627186,61.413654804525486,48.05154874390316,19.401196514645303,13.11158738576696,71.87902319367122,33.632189999999994,39.33620778788614,111.4872,721.7629736288677
1913,14.42497735125,28.2,,16,,9.2,20.1,,37.1,,208.72771537583398,66.6,57.1,22.1,13.2,89.8,33.9,42.2,123.6,782.252692727084
