sourceRow,code,label,rowType,block,year,value,state
7,I,ceramics and glass,sector,totalEmployment,1807,9017,
7,I,ceramics and glass,sector,totalEmployment,1849,11578,
7,I,ceramics and glass,sector,totalEmployment,1859,14405,
7,I,ceramics and glass,sector,totalEmployment,1889,18721,
7,I,ceramics and glass,sector,totalEmployment,1899,24794,
7,I,ceramics and glass,sector,totalEmployment,1909,31010,
7,I,ceramics and glass,sector,male,1807,,blank
7,I,ceramics and glass,sector,male,1849,10524,
7,I,ceramics and glass,sector,male,1859,13212,
7,I,ceramics and glass,sector,male,1889,16801,
7,I,ceramics and glass,sector,male,1899,22476,
7,I,ceramics and glass,sector,male,1909,28252,
7,I,ceramics and glass,sector,female,1807,,blank
7,I,ceramics and glass,sector,female,1849,1054,
7,I,ceramics and glass,sector,female,1859,1193,
7,I,ceramics and glass,sector,female,1889,1920,
7,I,ceramics and glass,sector,female,1899,2318,
7,I,ceramics and glass,sector,female,1909,2758,
8,II,diamond cutting,sector,totalEmployment,1807,555,
8,II,diamond cutting,sector,totalEmployment,1849,1645,
8,II,diamond cutting,sector,totalEmployment,1859,1671,
8,II,diamond cutting,sector,totalEmployment,1889,10398,
8,II,diamond cutting,sector,totalEmployment,1899,9877,
8,II,diamond cutting,sector,totalEmployment,1909,10066,
8,II,diamond cutting,sector,male,1807,,blank
8,II,diamond cutting,sector,male,1849,1597,
8,II,diamond cutting,sector,male,1859,1660,
8,II,diamond cutting,sector,male,1889,9973,
8,II,diamond cutting,sector,male,1899,8786,
8,II,diamond cutting,sector,male,1909,9064,
8,II,diamond cutting,sector,female,1807,,blank
8,II,diamond cutting,sector,female,1849,48,
8,II,diamond cutting,sector,female,1859,11,
8,II,diamond cutting,sector,female,1889,425,
8,II,diamond cutting,sector,female,1899,1091,
8,II,diamond cutting,sector,female,1909,1002,
9,III,printing,sector,totalEmployment,1807,1769,
9,III,printing,sector,totalEmployment,1849,5248,
9,III,printing,sector,totalEmployment,1859,5677,
9,III,printing,sector,totalEmployment,1889,9819,
9,III,printing,sector,totalEmployment,1899,13749,
9,III,printing,sector,totalEmployment,1909,20210,
9,III,printing,sector,male,1807,,blank
9,III,printing,sector,male,1849,5181,
9,III,printing,sector,male,1859,5634,
9,III,printing,sector,male,1889,9756,
9,III,printing,sector,male,1899,13602,
9,III,printing,sector,male,1909,19706,
9,III,printing,sector,female,1807,,blank
9,III,printing,sector,female,1849,67,
9,III,printing,sector,female,1859,43,
9,III,printing,sector,female,1889,63,
9,III,printing,sector,female,1899,147,
9,III,printing,sector,female,1909,504,
10,IV,building & contruction,sector,totalEmployment,1807,58224,
10,IV,building & contruction,sector,totalEmployment,1849,82935,
10,IV,building & contruction,sector,totalEmployment,1859,91004,
10,IV,building & contruction,sector,totalEmployment,1889,123680,
10,IV,building & contruction,sector,totalEmployment,1899,140405,
10,IV,building & contruction,sector,totalEmployment,1909,162164,
10,IV,building & contruction,sector,male,1807,,blank
10,IV,building & contruction,sector,male,1849,82671,
10,IV,building & contruction,sector,male,1859,90725,
10,IV,building & contruction,sector,male,1889,123339,
10,IV,building & contruction,sector,male,1899,139892,
10,IV,building & contruction,sector,male,1909,161645,
10,IV,building & contruction,sector,female,1807,,blank
10,IV,building & contruction,sector,female,1849,264,
10,IV,building & contruction,sector,female,1859,279,
10,IV,building & contruction,sector,female,1889,341,
10,IV,building & contruction,sector,female,1899,513,
10,IV,building & contruction,sector,female,1909,519,
11,V,chemicals,sector,totalEmployment,1807,3858,
11,V,chemicals,sector,totalEmployment,1849,4581,
11,V,chemicals,sector,totalEmployment,1859,4689,
11,V,chemicals,sector,totalEmployment,1889,6158,
11,V,chemicals,sector,totalEmployment,1899,8089,
11,V,chemicals,sector,totalEmployment,1909,12336,
11,V,chemicals,sector,male,1807,,blank
11,V,chemicals,sector,male,1849,4169,
11,V,chemicals,sector,male,1859,4385,
11,V,chemicals,sector,male,1889,5123,
11,V,chemicals,sector,male,1899,6478,
11,V,chemicals,sector,male,1909,9726,
11,V,chemicals,sector,female,1807,,blank
11,V,chemicals,sector,female,1849,412,
11,V,chemicals,sector,female,1859,304,
11,V,chemicals,sector,female,1889,1035,
11,V,chemicals,sector,female,1899,1611,
11,V,chemicals,sector,female,1909,2610,
12,VI,woodworking,sector,totalEmployment,1807,12461,
12,VI,woodworking,sector,totalEmployment,1849,26221,
12,VI,woodworking,sector,totalEmployment,1859,29690,
12,VI,woodworking,sector,totalEmployment,1889,35730,
12,VI,woodworking,sector,totalEmployment,1899,38508,
12,VI,woodworking,sector,totalEmployment,1909,47370,
12,VI,woodworking,sector,male,1807,,blank
12,VI,woodworking,sector,male,1849,25731,
12,VI,woodworking,sector,male,1859,28863,
12,VI,woodworking,sector,male,1889,35221,
12,VI,woodworking,sector,male,1899,37657,
12,VI,woodworking,sector,male,1909,46213,
12,VI,woodworking,sector,female,1807,,blank
12,VI,woodworking,sector,female,1849,490,
12,VI,woodworking,sector,female,1859,827,
12,VI,woodworking,sector,female,1889,509,
12,VI,woodworking,sector,female,1899,851,
12,VI,woodworking,sector,female,1909,1157,
13,VII,clothing & cleaning,sector,totalEmployment,1807,34825,
13,VII,clothing & cleaning,sector,totalEmployment,1849,70728,
13,VII,clothing & cleaning,sector,totalEmployment,1859,71572,
13,VII,clothing & cleaning,sector,totalEmployment,1889,77299,
13,VII,clothing & cleaning,sector,totalEmployment,1899,92700,
13,VII,clothing & cleaning,sector,totalEmployment,1909,109888,
13,VII,clothing & cleaning,sector,male,1807,,blank
13,VII,clothing & cleaning,sector,male,1849,29485,
13,VII,clothing & cleaning,sector,male,1859,32282,
13,VII,clothing & cleaning,sector,male,1889,34109,
13,VII,clothing & cleaning,sector,male,1899,36857,
13,VII,clothing & cleaning,sector,male,1909,39997,
13,VII,clothing & cleaning,sector,female,1807,,blank
13,VII,clothing & cleaning,sector,female,1849,41243,
13,VII,clothing & cleaning,sector,female,1859,39290,
13,VII,clothing & cleaning,sector,female,1889,43190,
13,VII,clothing & cleaning,sector,female,1899,55843,
13,VII,clothing & cleaning,sector,female,1909,69891,
14,VIII,applied art,sector,totalEmployment,1807,546,
14,VIII,applied art,sector,totalEmployment,1849,778,
14,VIII,applied art,sector,totalEmployment,1859,937,
14,VIII,applied art,sector,totalEmployment,1889,1091,
14,VIII,applied art,sector,totalEmployment,1899,546,
14,VIII,applied art,sector,totalEmployment,1909,877,
14,VIII,applied art,sector,male,1807,,blank
14,VIII,applied art,sector,male,1849,723,
14,VIII,applied art,sector,male,1859,889,
14,VIII,applied art,sector,male,1889,1031,
14,VIII,applied art,sector,male,1899,518,
14,VIII,applied art,sector,male,1909,820,
14,VIII,applied art,sector,female,1807,,blank
14,VIII,applied art,sector,female,1849,55,
14,VIII,applied art,sector,female,1859,48,
14,VIII,applied art,sector,female,1889,60,
14,VIII,applied art,sector,female,1899,28,
14,VIII,applied art,sector,female,1909,57,
15,IX,leather,sector,totalEmployment,1807,22290,
15,IX,leather,sector,totalEmployment,1849,31750,
15,IX,leather,sector,totalEmployment,1859,31041,
15,IX,leather,sector,totalEmployment,1889,37199,
15,IX,leather,sector,totalEmployment,1899,39581,
15,IX,leather,sector,totalEmployment,1909,36783,
15,IX,leather,sector,male,1807,,blank
15,IX,leather,sector,male,1849,31260,
15,IX,leather,sector,male,1859,30586,
15,IX,leather,sector,male,1889,36570,
15,IX,leather,sector,male,1899,38206,
15,IX,leather,sector,male,1909,34971,
15,IX,leather,sector,female,1807,,blank
15,IX,leather,sector,female,1849,490,
15,IX,leather,sector,female,1859,455,
15,IX,leather,sector,female,1889,629,
15,IX,leather,sector,female,1899,1375,
15,IX,leather,sector,female,1909,1812,
16,X,mining,sector,totalEmployment,1807,1810,
16,X,mining,sector,totalEmployment,1849,2509,
16,X,mining,sector,totalEmployment,1859,2258,
16,X,mining,sector,totalEmployment,1889,15159,
16,X,mining,sector,totalEmployment,1899,16462,
16,X,mining,sector,totalEmployment,1909,23428,
16,X,mining,sector,male,1807,,blank
16,X,mining,sector,male,1849,2216,
16,X,mining,sector,male,1859,2212,
16,X,mining,sector,male,1889,13072,
16,X,mining,sector,male,1899,14943,
16,X,mining,sector,male,1909,20795,
16,X,mining,sector,female,1807,,blank
16,X,mining,sector,female,1849,293,
16,X,mining,sector,female,1859,46,
16,X,mining,sector,female,1889,2087,
16,X,mining,sector,female,1899,1519,
16,X,mining,sector,female,1909,2633,
17,XI-XIII,metal & shipbuilding,sector,totalEmployment,1807,12845,
17,XI-XIII,metal & shipbuilding,sector,totalEmployment,1849,44729,
17,XI-XIII,metal & shipbuilding,sector,totalEmployment,1859,49976,
17,XI-XIII,metal & shipbuilding,sector,totalEmployment,1889,67055,
17,XI-XIII,metal & shipbuilding,sector,totalEmployment,1899,89571,
17,XI-XIII,metal & shipbuilding,sector,totalEmployment,1909,117441,
17,XI-XIII,metal & shipbuilding,sector,male,1807,,blank
17,XI-XIII,metal & shipbuilding,sector,male,1849,44161,
17,XI-XIII,metal & shipbuilding,sector,male,1859,49515,
17,XI-XIII,metal & shipbuilding,sector,male,1889,66453,
17,XI-XIII,metal & shipbuilding,sector,male,1899,88335,
17,XI-XIII,metal & shipbuilding,sector,male,1909,114843,
17,XI-XIII,metal & shipbuilding,sector,female,1807,,blank
17,XI-XIII,metal & shipbuilding,sector,female,1849,568,
17,XI-XIII,metal & shipbuilding,sector,female,1859,461,
17,XI-XIII,metal & shipbuilding,sector,female,1889,602,
17,XI-XIII,metal & shipbuilding,sector,female,1899,1236,
17,XI-XIII,metal & shipbuilding,sector,female,1909,2598,
18,XIV,paper,sector,totalEmployment,1807,2573,
18,XIV,paper,sector,totalEmployment,1849,3984,
18,XIV,paper,sector,totalEmployment,1859,4207,
18,XIV,paper,sector,totalEmployment,1889,5700,
18,XIV,paper,sector,totalEmployment,1899,6942,
18,XIV,paper,sector,totalEmployment,1909,10351,
18,XIV,paper,sector,male,1807,,blank
18,XIV,paper,sector,male,1849,3583,
18,XIV,paper,sector,male,1859,3736,
18,XIV,paper,sector,male,1889,5050,
18,XIV,paper,sector,male,1899,6002,
18,XIV,paper,sector,male,1909,8718,
18,XIV,paper,sector,female,1807,,blank
18,XIV,paper,sector,female,1849,401,
18,XIV,paper,sector,female,1859,471,
18,XIV,paper,sector,female,1889,650,
18,XIV,paper,sector,female,1899,940,
18,XIV,paper,sector,female,1909,1633,
19,XV,textile,sector,totalEmployment,1807,39516,
19,XV,textile,sector,totalEmployment,1849,44898,
19,XV,textile,sector,totalEmployment,1859,45545,
19,XV,textile,sector,totalEmployment,1889,44375,
19,XV,textile,sector,totalEmployment,1899,49198,
19,XV,textile,sector,totalEmployment,1909,60098,
19,XV,textile,sector,male,1807,,blank
19,XV,textile,sector,male,1849,32321,
19,XV,textile,sector,male,1859,33076,
19,XV,textile,sector,male,1889,33569,
19,XV,textile,sector,male,1899,34596,
19,XV,textile,sector,male,1909,40224,
19,XV,textile,sector,female,1807,,blank
19,XV,textile,sector,female,1849,12577,
19,XV,textile,sector,female,1859,12469,
19,XV,textile,sector,female,1889,10806,
19,XV,textile,sector,female,1899,14602,
19,XV,textile,sector,female,1909,19874,
20,XVI,utilities,sector,totalEmployment,1807,0,
20,XVI,utilities,sector,totalEmployment,1849,82,
20,XVI,utilities,sector,totalEmployment,1859,370,
20,XVI,utilities,sector,totalEmployment,1889,2665,
20,XVI,utilities,sector,totalEmployment,1899,4460,
20,XVI,utilities,sector,totalEmployment,1909,9478,
20,XVI,utilities,sector,male,1807,,blank
20,XVI,utilities,sector,male,1849,82,
20,XVI,utilities,sector,male,1859,370,
20,XVI,utilities,sector,male,1889,2662,
20,XVI,utilities,sector,male,1899,4449,
20,XVI,utilities,sector,male,1909,9457,
20,XVI,utilities,sector,female,1807,,blank
20,XVI,utilities,sector,female,1849,0,
20,XVI,utilities,sector,female,1859,0,
20,XVI,utilities,sector,female,1889,3,
20,XVI,utilities,sector,female,1899,11,
20,XVI,utilities,sector,female,1909,21,
21,XVII,food & stimulants,sector,totalEmployment,1807,27401,
21,XVII,food & stimulants,sector,totalEmployment,1849,57684,
21,XVII,food & stimulants,sector,totalEmployment,1859,62438,
21,XVII,food & stimulants,sector,totalEmployment,1889,92761,
21,XVII,food & stimulants,sector,totalEmployment,1899,117229,
21,XVII,food & stimulants,sector,totalEmployment,1909,137556,
21,XVII,food & stimulants,sector,male,1807,,blank
21,XVII,food & stimulants,sector,male,1849,55421,
21,XVII,food & stimulants,sector,male,1859,60756,
21,XVII,food & stimulants,sector,male,1889,89393,
21,XVII,food & stimulants,sector,male,1899,112115,
21,XVII,food & stimulants,sector,male,1909,130274,
21,XVII,food & stimulants,sector,female,1807,,blank
21,XVII,food & stimulants,sector,female,1849,2263,
21,XVII,food & stimulants,sector,female,1859,1682,
21,XVII,food & stimulants,sector,female,1889,3368,
21,XVII,food & stimulants,sector,female,1899,5114,
21,XVII,food & stimulants,sector,female,1909,7282,
22,XVIII,agriculture,sector,totalEmployment,1807,367388,
22,XVIII,agriculture,sector,totalEmployment,1849,494526,
22,XVIII,agriculture,sector,totalEmployment,1859,523526,
22,XVIII,agriculture,sector,totalEmployment,1889,616612,
22,XVIII,agriculture,sector,totalEmployment,1899,659832,
22,XVIII,agriculture,sector,totalEmployment,1909,676119,
22,XVIII,agriculture,sector,male,1807,,blank
22,XVIII,agriculture,sector,male,1849,322020,
22,XVIII,agriculture,sector,male,1859,348739,
22,XVIII,agriculture,sector,male,1889,446781,
22,XVIII,agriculture,sector,male,1899,487011,
22,XVIII,agriculture,sector,male,1909,500019,
22,XVIII,agriculture,sector,female,1807,,blank
22,XVIII,agriculture,sector,female,1849,172506,
22,XVIII,agriculture,sector,female,1859,174787,
22,XVIII,agriculture,sector,female,1889,169831,
22,XVIII,agriculture,sector,female,1899,172821,
22,XVIII,agriculture,sector,female,1909,176100,
23,XIX,fishing,sector,totalEmployment,1807,7145,
23,XIX,fishing,sector,totalEmployment,1849,11476,
23,XIX,fishing,sector,totalEmployment,1859,12604,
23,XIX,fishing,sector,totalEmployment,1889,16836,
23,XIX,fishing,sector,totalEmployment,1899,21842,
23,XIX,fishing,sector,totalEmployment,1909,23570,
23,XIX,fishing,sector,male,1807,,blank
23,XIX,fishing,sector,male,1849,11426,
23,XIX,fishing,sector,male,1859,12565,
23,XIX,fishing,sector,male,1889,16773,
23,XIX,fishing,sector,male,1899,21290,
23,XIX,fishing,sector,male,1909,23510,
23,XIX,fishing,sector,female,1807,,blank
23,XIX,fishing,sector,female,1849,50,
23,XIX,fishing,sector,female,1859,39,
23,XIX,fishing,sector,female,1889,63,
23,XIX,fishing,sector,female,1899,552,
23,XIX,fishing,sector,female,1909,60,
24,XX,trade,sector,totalEmployment,1807,62061,
24,XX,trade,sector,totalEmployment,1849,86814,
24,XX,trade,sector,totalEmployment,1859,92349,
24,XX,trade,sector,totalEmployment,1889,139041,
24,XX,trade,sector,totalEmployment,1899,183958,
24,XX,trade,sector,totalEmployment,1909,224292,
24,XX,trade,sector,male,1807,,blank
24,XX,trade,sector,male,1849,66055,
24,XX,trade,sector,male,1859,72435,
24,XX,trade,sector,male,1889,109132,
24,XX,trade,sector,male,1899,144738,
24,XX,trade,sector,male,1909,178174,
24,XX,trade,sector,female,1807,,blank
24,XX,trade,sector,female,1849,20759,
24,XX,trade,sector,female,1859,19914,
24,XX,trade,sector,female,1889,29909,
24,XX,trade,sector,female,1899,39220,
24,XX,trade,sector,female,1909,46118,
25,XXI-A,catering industry,sector,totalEmployment,1807,14372,
25,XXI-A,catering industry,sector,totalEmployment,1849,13329,
25,XXI-A,catering industry,sector,totalEmployment,1859,12764,
25,XXI-A,catering industry,sector,totalEmployment,1889,19374,
25,XXI-A,catering industry,sector,totalEmployment,1899,24756,
25,XXI-A,catering industry,sector,totalEmployment,1909,31951,
25,XXI-A,catering industry,sector,male,1807,,blank
25,XXI-A,catering industry,sector,male,1849,9380,
25,XXI-A,catering industry,sector,male,1859,9490,
25,XXI-A,catering industry,sector,male,1889,14645,
25,XXI-A,catering industry,sector,male,1899,17343,
25,XXI-A,catering industry,sector,male,1909,19870,
25,XXI-A,catering industry,sector,female,1807,,blank
25,XXI-A,catering industry,sector,female,1849,3949,
25,XXI-A,catering industry,sector,female,1859,3274,
25,XXI-A,catering industry,sector,female,1889,4729,
25,XXI-A,catering industry,sector,female,1899,7413,
25,XXI-A,catering industry,sector,female,1909,12081,
26,XXI-B,shipping,sector,totalEmployment,1807,26822,
26,XXI-B,shipping,sector,totalEmployment,1849,40561,
26,XXI-B,shipping,sector,totalEmployment,1859,42848,
26,XXI-B,shipping,sector,totalEmployment,1889,40877,
26,XXI-B,shipping,sector,totalEmployment,1899,43273,
26,XXI-B,shipping,sector,totalEmployment,1909,50648,
26,XXI-B,shipping,sector,male,1807,,blank
26,XXI-B,shipping,sector,male,1849,40232,
26,XXI-B,shipping,sector,male,1859,42484,
26,XXI-B,shipping,sector,male,1889,40455,
26,XXI-B,shipping,sector,male,1899,42813,
26,XXI-B,shipping,sector,male,1909,50142,
26,XXI-B,shipping,sector,female,1807,,blank
26,XXI-B,shipping,sector,female,1849,329,
26,XXI-B,shipping,sector,female,1859,364,
26,XXI-B,shipping,sector,female,1889,422,
26,XXI-B,shipping,sector,female,1899,460,
26,XXI-B,shipping,sector,female,1909,506,
27,XXI-C,other transport,sector,totalEmployment,1807,12467,
27,XXI-C,other transport,sector,totalEmployment,1849,36973,
27,XXI-C,other transport,sector,totalEmployment,1859,40130,
27,XXI-C,other transport,sector,totalEmployment,1889,63674,
27,XXI-C,other transport,sector,totalEmployment,1899,77308,
27,XXI-C,other transport,sector,totalEmployment,1909,107022,
27,XXI-C,other transport,sector,male,1807,,blank
27,XXI-C,other transport,sector,male,1849,35573,
27,XXI-C,other transport,sector,male,1859,39188,
27,XXI-C,other transport,sector,male,1889,61689,
27,XXI-C,other transport,sector,male,1899,75182,
27,XXI-C,other transport,sector,male,1909,103486,
27,XXI-C,other transport,sector,female,1807,,blank
27,XXI-C,other transport,sector,female,1849,1400,
27,XXI-C,other transport,sector,female,1859,942,
27,XXI-C,other transport,sector,female,1889,1985,
27,XXI-C,other transport,sector,female,1899,2126,
27,XXI-C,other transport,sector,female,1909,3536,
28,XXII,banking,sector,totalEmployment,1807,,blank
28,XXII,banking,sector,totalEmployment,1849,1307,
28,XXII,banking,sector,totalEmployment,1859,1521,
28,XXII,banking,sector,totalEmployment,1889,4362,
28,XXII,banking,sector,totalEmployment,1899,5840,
28,XXII,banking,sector,totalEmployment,1909,9923,
28,XXII,banking,sector,male,1807,,blank
28,XXII,banking,sector,male,1849,1219,
28,XXII,banking,sector,male,1859,1483,
28,XXII,banking,sector,male,1889,4335,
28,XXII,banking,sector,male,1899,5793,
28,XXII,banking,sector,male,1909,9488,
28,XXII,banking,sector,female,1807,,blank
28,XXII,banking,sector,female,1849,88,
28,XXII,banking,sector,female,1859,38,
28,XXII,banking,sector,female,1889,27,
28,XXII,banking,sector,female,1899,47,
28,XXII,banking,sector,female,1909,435,
29,XXIII,insurance,sector,totalEmployment,1807,,blank
29,XXIII,insurance,sector,totalEmployment,1849,831,
29,XXIII,insurance,sector,totalEmployment,1859,789,
29,XXIII,insurance,sector,totalEmployment,1889,2082,
29,XXIII,insurance,sector,totalEmployment,1899,4118,
29,XXIII,insurance,sector,totalEmployment,1909,8051,
29,XXIII,insurance,sector,male,1807,,blank
29,XXIII,insurance,sector,male,1849,823,
29,XXIII,insurance,sector,male,1859,788,
29,XXIII,insurance,sector,male,1889,2063,
29,XXIII,insurance,sector,male,1899,4044,
29,XXIII,insurance,sector,male,1909,7606,
29,XXIII,insurance,sector,female,1807,,blank
29,XXIII,insurance,sector,female,1849,8,
29,XXIII,insurance,sector,female,1859,1,
29,XXIII,insurance,sector,female,1889,19,
29,XXIII,insurance,sector,female,1899,74,
29,XXIII,insurance,sector,female,1909,445,
30,XXII-XXIII,financial sector,sector,totalEmployment,1807,1020,
30,XXII-XXIII,financial sector,sector,totalEmployment,1849,,blank
30,XXII-XXIII,financial sector,sector,totalEmployment,1859,,blank
30,XXII-XXIII,financial sector,sector,totalEmployment,1889,,blank
30,XXII-XXIII,financial sector,sector,totalEmployment,1899,,blank
30,XXII-XXIII,financial sector,sector,totalEmployment,1909,,blank
30,XXII-XXIII,financial sector,sector,male,1807,,blank
30,XXII-XXIII,financial sector,sector,male,1849,,blank
30,XXII-XXIII,financial sector,sector,male,1859,,blank
30,XXII-XXIII,financial sector,sector,male,1889,,blank
30,XXII-XXIII,financial sector,sector,male,1899,,blank
30,XXII-XXIII,financial sector,sector,male,1909,,blank
30,XXII-XXIII,financial sector,sector,female,1807,,blank
30,XXII-XXIII,financial sector,sector,female,1849,,blank
30,XXII-XXIII,financial sector,sector,female,1859,,blank
30,XXII-XXIII,financial sector,sector,female,1889,,blank
30,XXII-XXIII,financial sector,sector,female,1899,,blank
30,XXII-XXIII,financial sector,sector,female,1909,,blank
31,XXIV-A,public administration,sector,totalEmployment,1807,9320,
31,XXIV-A,public administration,sector,totalEmployment,1849,16540,
31,XXIV-A,public administration,sector,totalEmployment,1859,17791,
31,XXIV-A,public administration,sector,totalEmployment,1889,26362,
31,XXIV-A,public administration,sector,totalEmployment,1899,27048,
31,XXIV-A,public administration,sector,totalEmployment,1909,31097,
31,XXIV-A,public administration,sector,male,1807,,blank
31,XXIV-A,public administration,sector,male,1849,16472,
31,XXIV-A,public administration,sector,male,1859,17743,
31,XXIV-A,public administration,sector,male,1889,26156,
31,XXIV-A,public administration,sector,male,1899,26741,
31,XXIV-A,public administration,sector,male,1909,30608,
31,XXIV-A,public administration,sector,female,1807,,blank
31,XXIV-A,public administration,sector,female,1849,68,
31,XXIV-A,public administration,sector,female,1859,48,
31,XXIV-A,public administration,sector,female,1889,206,
31,XXIV-A,public administration,sector,female,1899,307,
31,XXIV-A,public administration,sector,female,1909,489,
32,XXIV-B,military,sector,totalEmployment,1807,23690,
32,XXIV-B,military,sector,totalEmployment,1849,25915,
32,XXIV-B,military,sector,totalEmployment,1859,28673,
32,XXIV-B,military,sector,totalEmployment,1889,33953,
32,XXIV-B,military,sector,totalEmployment,1899,33887,
32,XXIV-B,military,sector,totalEmployment,1909,40278,
32,XXIV-B,military,sector,male,1807,,blank
32,XXIV-B,military,sector,male,1849,25915,
32,XXIV-B,military,sector,male,1859,28673,
32,XXIV-B,military,sector,male,1889,33953,
32,XXIV-B,military,sector,male,1899,33887,
32,XXIV-B,military,sector,male,1909,40277,
32,XXIV-B,military,sector,female,1807,,blank
32,XXIV-B,military,sector,female,1849,0,
32,XXIV-B,military,sector,female,1859,0,
32,XXIV-B,military,sector,female,1889,0,
32,XXIV-B,military,sector,female,1899,0,
32,XXIV-B,military,sector,female,1909,1,
33,XXIV-C,medical service,sector,totalEmployment,1807,3812,
33,XXIV-C,medical service,sector,totalEmployment,1849,6005,
33,XXIV-C,medical service,sector,totalEmployment,1859,5873,
33,XXIV-C,medical service,sector,totalEmployment,1889,12358,
33,XXIV-C,medical service,sector,totalEmployment,1899,15391,
33,XXIV-C,medical service,sector,totalEmployment,1909,25570,
33,XXIV-C,medical service,sector,male,1807,,blank
33,XXIV-C,medical service,sector,male,1849,4306,
33,XXIV-C,medical service,sector,male,1859,4296,
33,XXIV-C,medical service,sector,male,1889,5580,
33,XXIV-C,medical service,sector,male,1899,5807,
33,XXIV-C,medical service,sector,male,1909,7710,
33,XXIV-C,medical service,sector,female,1807,,blank
33,XXIV-C,medical service,sector,female,1849,1699,
33,XXIV-C,medical service,sector,female,1859,1577,
33,XXIV-C,medical service,sector,female,1889,6778,
33,XXIV-C,medical service,sector,female,1899,9584,
33,XXIV-C,medical service,sector,female,1909,17860,
34,XXIV-D,other professions,sector,totalEmployment,1807,2863,
34,XXIV-D,other professions,sector,totalEmployment,1849,5379,
34,XXIV-D,other professions,sector,totalEmployment,1859,4954,
34,XXIV-D,other professions,sector,totalEmployment,1889,11685,
34,XXIV-D,other professions,sector,totalEmployment,1899,11178,
34,XXIV-D,other professions,sector,totalEmployment,1909,16513,
34,XXIV-D,other professions,sector,male,1807,,blank
34,XXIV-D,other professions,sector,male,1849,4983,
34,XXIV-D,other professions,sector,male,1859,4766,
34,XXIV-D,other professions,sector,male,1889,10101,
34,XXIV-D,other professions,sector,male,1899,10411,
34,XXIV-D,other professions,sector,male,1909,15047,
34,XXIV-D,other professions,sector,female,1807,,blank
34,XXIV-D,other professions,sector,female,1849,396,
34,XXIV-D,other professions,sector,female,1859,188,
34,XXIV-D,other professions,sector,female,1889,1584,
34,XXIV-D,other professions,sector,female,1899,767,
34,XXIV-D,other professions,sector,female,1909,1466,
35,XXV,education,sector,totalEmployment,1807,6234,
35,XXV,education,sector,totalEmployment,1849,8520,
35,XXV,education,sector,totalEmployment,1859,9422,
35,XXV,education,sector,totalEmployment,1889,24892,
35,XXV,education,sector,totalEmployment,1899,33883,
35,XXV,education,sector,totalEmployment,1909,47740,
35,XXV,education,sector,male,1807,,blank
35,XXV,education,sector,male,1849,6792,
35,XXV,education,sector,male,1859,7483,
35,XXV,education,sector,male,1889,16091,
35,XXV,education,sector,male,1899,19715,
35,XXV,education,sector,male,1909,24139,
35,XXV,education,sector,female,1807,,blank
35,XXV,education,sector,female,1849,1728,
35,XXV,education,sector,female,1859,1939,
35,XXV,education,sector,female,1889,8801,
35,XXV,education,sector,female,1899,14168,
35,XXV,education,sector,female,1909,23601,
36,XXVI,domestic service,sector,totalEmployment,1807,102176,
36,XXVI,domestic service,sector,totalEmployment,1849,114268,
36,XXVI,domestic service,sector,totalEmployment,1859,113690,
36,XXVI,domestic service,sector,totalEmployment,1889,168637,
36,XXVI,domestic service,sector,totalEmployment,1899,197469,
36,XXVI,domestic service,sector,totalEmployment,1909,214029,
36,XXVI,domestic service,sector,male,1807,,blank
36,XXVI,domestic service,sector,male,1849,12515,
36,XXVI,domestic service,sector,male,1859,13103,
36,XXVI,domestic service,sector,male,1889,11458,
36,XXVI,domestic service,sector,male,1899,7888,
36,XXVI,domestic service,sector,male,1909,8631,
36,XXVI,domestic service,sector,female,1807,,blank
36,XXVI,domestic service,sector,female,1849,101753,
36,XXVI,domestic service,sector,female,1859,100587,
36,XXVI,domestic service,sector,female,1889,157179,
36,XXVI,domestic service,sector,female,1899,189581,
36,XXVI,domestic service,sector,female,1909,205398,
37,XXVII,labourers,sector,totalEmployment,1807,6283,
37,XXVII,labourers,sector,totalEmployment,1849,14557,
37,XXVII,labourers,sector,totalEmployment,1859,17756,
37,XXVII,labourers,sector,totalEmployment,1889,24988,
37,XXVII,labourers,sector,totalEmployment,1899,27684,
37,XXVII,labourers,sector,totalEmployment,1909,22140,
37,XXVII,labourers,sector,male,1807,,blank
37,XXVII,labourers,sector,male,1849,14215,
37,XXVII,labourers,sector,male,1859,17246,
37,XXVII,labourers,sector,male,1889,24453,
37,XXVII,labourers,sector,male,1899,27607,
37,XXVII,labourers,sector,male,1909,22110,
37,XXVII,labourers,sector,female,1807,,blank
37,XXVII,labourers,sector,female,1849,342,
37,XXVII,labourers,sector,female,1859,510,
37,XXVII,labourers,sector,female,1889,535,
37,XXVII,labourers,sector,female,1899,77,
37,XXVII,labourers,sector,female,1909,30,
38,XXVIII,religion,sector,totalEmployment,1807,2807,
38,XXVIII,religion,sector,totalEmployment,1849,4413,
38,XXVIII,religion,sector,totalEmployment,1859,4497,
38,XXVIII,religion,sector,totalEmployment,1889,6479,
38,XXVIII,religion,sector,totalEmployment,1899,7378,
38,XXVIII,religion,sector,totalEmployment,1909,7726,
38,XXVIII,religion,sector,male,1807,,blank
38,XXVIII,religion,sector,male,1849,4203,
38,XXVIII,religion,sector,male,1859,4372,
38,XXVIII,religion,sector,male,1889,5579,
38,XXVIII,religion,sector,male,1899,6718,
38,XXVIII,religion,sector,male,1909,7286,
38,XXVIII,religion,sector,female,1807,,blank
38,XXVIII,religion,sector,female,1849,210,
38,XXVIII,religion,sector,female,1859,125,
38,XXVIII,religion,sector,female,1889,900,
38,XXVIII,religion,sector,female,1899,660,
38,XXVIII,religion,sector,female,1909,440,
40,,TOTAL,source-total-or-aggregate,totalEmployment,1807,876150,
40,,TOTAL,source-total-or-aggregate,totalEmployment,1849,1270764,
40,,TOTAL,source-total-or-aggregate,totalEmployment,1859,1344667,
40,,TOTAL,source-total-or-aggregate,totalEmployment,1889,1760022,
40,,TOTAL,source-total-or-aggregate,totalEmployment,1899,2026956,
40,,TOTAL,source-total-or-aggregate,totalEmployment,1909,2325725,
40,,TOTAL,source-total-or-aggregate,male,1807,,blank
40,,TOTAL,source-total-or-aggregate,male,1849,905254,
40,,TOTAL,source-total-or-aggregate,male,1859,982755,
40,,TOTAL,source-total-or-aggregate,male,1889,1311366,
40,,TOTAL,source-total-or-aggregate,male,1899,1501900,
40,,TOTAL,source-total-or-aggregate,male,1909,1722808,
40,,TOTAL,source-total-or-aggregate,female,1807,,blank
40,,TOTAL,source-total-or-aggregate,female,1849,365510,
40,,TOTAL,source-total-or-aggregate,female,1859,361912,
40,,TOTAL,source-total-or-aggregate,female,1889,448656,
40,,TOTAL,source-total-or-aggregate,female,1899,525056,
40,,TOTAL,source-total-or-aggregate,female,1909,602917,
42,,population,source-total-or-aggregate,totalEmployment,1807,2163092,
42,,population,source-total-or-aggregate,totalEmployment,1849,3081118,
42,,population,source-total-or-aggregate,totalEmployment,1859,3308969,
42,,population,source-total-or-aggregate,totalEmployment,1889,4511415,
42,,population,source-total-or-aggregate,totalEmployment,1899,5103979,
42,,population,source-total-or-aggregate,totalEmployment,1909,5898429,
42,,population,source-total-or-aggregate,male,1807,,blank
42,,population,source-total-or-aggregate,male,1849,,blank
42,,population,source-total-or-aggregate,male,1859,,blank
42,,population,source-total-or-aggregate,male,1889,,blank
42,,population,source-total-or-aggregate,male,1899,,blank
42,,population,source-total-or-aggregate,male,1909,,blank
42,,population,source-total-or-aggregate,female,1807,,blank
42,,population,source-total-or-aggregate,female,1849,,blank
42,,population,source-total-or-aggregate,female,1859,,blank
42,,population,source-total-or-aggregate,female,1889,,blank
42,,population,source-total-or-aggregate,female,1899,,blank
42,,population,source-total-or-aggregate,female,1909,,blank
45,,primary,source-total-or-aggregate,totalEmployment,1807,374533,
45,,primary,source-total-or-aggregate,totalEmployment,1849,506002,
45,,primary,source-total-or-aggregate,totalEmployment,1859,536130,
45,,primary,source-total-or-aggregate,totalEmployment,1889,633448,
45,,primary,source-total-or-aggregate,totalEmployment,1899,681674,
45,,primary,source-total-or-aggregate,totalEmployment,1909,699689,
45,,primary,source-total-or-aggregate,male,1807,,blank
45,,primary,source-total-or-aggregate,male,1849,333446,
45,,primary,source-total-or-aggregate,male,1859,361304,
45,,primary,source-total-or-aggregate,male,1889,463554,
45,,primary,source-total-or-aggregate,male,1899,508301,
45,,primary,source-total-or-aggregate,male,1909,523529,
45,,primary,source-total-or-aggregate,female,1807,,blank
45,,primary,source-total-or-aggregate,female,1849,172556,
45,,primary,source-total-or-aggregate,female,1859,174826,
45,,primary,source-total-or-aggregate,female,1889,169894,
45,,primary,source-total-or-aggregate,female,1899,173373,
45,,primary,source-total-or-aggregate,female,1909,176160,
46,,secondary,source-total-or-aggregate,totalEmployment,1807,227690,
46,,secondary,source-total-or-aggregate,totalEmployment,1849,389350,
46,,secondary,source-total-or-aggregate,totalEmployment,1859,415480,
46,,secondary,source-total-or-aggregate,totalEmployment,1889,547810,
46,,secondary,source-total-or-aggregate,totalEmployment,1899,652111,
46,,secondary,source-total-or-aggregate,totalEmployment,1909,789056,
46,,secondary,source-total-or-aggregate,male,1807,,blank
46,,secondary,source-total-or-aggregate,male,1849,329125,
46,,secondary,source-total-or-aggregate,male,1859,357901,
46,,secondary,source-total-or-aggregate,male,1889,482122,
46,,secondary,source-total-or-aggregate,male,1899,564912,
46,,secondary,source-total-or-aggregate,male,1909,674705,
46,,secondary,source-total-or-aggregate,female,1807,,blank
46,,secondary,source-total-or-aggregate,female,1849,60225,
46,,secondary,source-total-or-aggregate,female,1859,57579,
46,,secondary,source-total-or-aggregate,female,1889,65688,
46,,secondary,source-total-or-aggregate,female,1899,87199,
46,,secondary,source-total-or-aggregate,female,1909,114351,
47,,tertiary,source-total-or-aggregate,totalEmployment,1807,267644,
47,,tertiary,source-total-or-aggregate,totalEmployment,1849,360855,
47,,tertiary,source-total-or-aggregate,totalEmployment,1859,375301,
47,,tertiary,source-total-or-aggregate,totalEmployment,1889,553776,
47,,tertiary,source-total-or-aggregate,totalEmployment,1899,665487,
47,,tertiary,source-total-or-aggregate,totalEmployment,1909,814840,
47,,tertiary,source-total-or-aggregate,male,1807,,blank
47,,tertiary,source-total-or-aggregate,male,1849,228468,
47,,tertiary,source-total-or-aggregate,male,1859,246304,
47,,tertiary,source-total-or-aggregate,male,1889,341237,
47,,tertiary,source-total-or-aggregate,male,1899,401080,
47,,tertiary,source-total-or-aggregate,male,1909,502464,
47,,tertiary,source-total-or-aggregate,female,1807,,blank
47,,tertiary,source-total-or-aggregate,female,1849,132387,
47,,tertiary,source-total-or-aggregate,female,1859,128997,
47,,tertiary,source-total-or-aggregate,female,1889,212539,
47,,tertiary,source-total-or-aggregate,female,1899,264407,
47,,tertiary,source-total-or-aggregate,female,1909,312376,
50,,Agriculture and fishing,source-total-or-aggregate,totalEmployment,1807,374533,
50,,Agriculture and fishing,source-total-or-aggregate,totalEmployment,1849,506002,
50,,Agriculture and fishing,source-total-or-aggregate,totalEmployment,1859,536130,
50,,Agriculture and fishing,source-total-or-aggregate,totalEmployment,1889,633448,
50,,Agriculture and fishing,source-total-or-aggregate,totalEmployment,1899,681674,
50,,Agriculture and fishing,source-total-or-aggregate,totalEmployment,1909,699689,
50,,Agriculture and fishing,source-total-or-aggregate,male,1807,,blank
50,,Agriculture and fishing,source-total-or-aggregate,male,1849,333446,
50,,Agriculture and fishing,source-total-or-aggregate,male,1859,361304,
50,,Agriculture and fishing,source-total-or-aggregate,male,1889,463554,
50,,Agriculture and fishing,source-total-or-aggregate,male,1899,508301,
50,,Agriculture and fishing,source-total-or-aggregate,male,1909,523529,
50,,Agriculture and fishing,source-total-or-aggregate,female,1807,,blank
50,,Agriculture and fishing,source-total-or-aggregate,female,1849,172556,
50,,Agriculture and fishing,source-total-or-aggregate,female,1859,174826,
50,,Agriculture and fishing,source-total-or-aggregate,female,1889,169894,
50,,Agriculture and fishing,source-total-or-aggregate,female,1899,173373,
50,,Agriculture and fishing,source-total-or-aggregate,female,1909,176160,
52,,Industry,source-total-or-aggregate,totalEmployment,1807,227690,
52,,Industry,source-total-or-aggregate,totalEmployment,1849,389350,
52,,Industry,source-total-or-aggregate,totalEmployment,1859,415480,
52,,Industry,source-total-or-aggregate,totalEmployment,1889,547810,
52,,Industry,source-total-or-aggregate,totalEmployment,1899,652111,
52,,Industry,source-total-or-aggregate,totalEmployment,1909,789056,
52,,Industry,source-total-or-aggregate,male,1807,,blank
52,,Industry,source-total-or-aggregate,male,1849,329125,
52,,Industry,source-total-or-aggregate,male,1859,357901,
52,,Industry,source-total-or-aggregate,male,1889,482122,
52,,Industry,source-total-or-aggregate,male,1899,564912,
52,,Industry,source-total-or-aggregate,male,1909,674705,
52,,Industry,source-total-or-aggregate,female,1807,,blank
52,,Industry,source-total-or-aggregate,female,1849,60225,
52,,Industry,source-total-or-aggregate,female,1859,57579,
52,,Industry,source-total-or-aggregate,female,1889,65688,
52,,Industry,source-total-or-aggregate,female,1899,87199,
52,,Industry,source-total-or-aggregate,female,1909,114351,
53,,building & construction,source-total-or-aggregate,totalEmployment,1807,58224,
53,,building & construction,source-total-or-aggregate,totalEmployment,1849,82935,
53,,building & construction,source-total-or-aggregate,totalEmployment,1859,91004,
53,,building & construction,source-total-or-aggregate,totalEmployment,1889,123680,
53,,building & construction,source-total-or-aggregate,totalEmployment,1899,140405,
53,,building & construction,source-total-or-aggregate,totalEmployment,1909,162164,
53,,building & construction,source-total-or-aggregate,male,1807,,blank
53,,building & construction,source-total-or-aggregate,male,1849,82671,
53,,building & construction,source-total-or-aggregate,male,1859,90725,
53,,building & construction,source-total-or-aggregate,male,1889,123339,
53,,building & construction,source-total-or-aggregate,male,1899,139892,
53,,building & construction,source-total-or-aggregate,male,1909,161645,
53,,building & construction,source-total-or-aggregate,female,1807,,blank
53,,building & construction,source-total-or-aggregate,female,1849,264,
53,,building & construction,source-total-or-aggregate,female,1859,279,
53,,building & construction,source-total-or-aggregate,female,1889,341,
53,,building & construction,source-total-or-aggregate,female,1899,513,
53,,building & construction,source-total-or-aggregate,female,1909,519,
54,,clothing & cleaning,source-total-or-aggregate,totalEmployment,1807,34825,
54,,clothing & cleaning,source-total-or-aggregate,totalEmployment,1849,70728,
54,,clothing & cleaning,source-total-or-aggregate,totalEmployment,1859,71572,
54,,clothing & cleaning,source-total-or-aggregate,totalEmployment,1889,77299,
54,,clothing & cleaning,source-total-or-aggregate,totalEmployment,1899,92700,
54,,clothing & cleaning,source-total-or-aggregate,totalEmployment,1909,109888,
54,,clothing & cleaning,source-total-or-aggregate,male,1807,,blank
54,,clothing & cleaning,source-total-or-aggregate,male,1849,29485,
54,,clothing & cleaning,source-total-or-aggregate,male,1859,32282,
54,,clothing & cleaning,source-total-or-aggregate,male,1889,34109,
54,,clothing & cleaning,source-total-or-aggregate,male,1899,36857,
54,,clothing & cleaning,source-total-or-aggregate,male,1909,39997,
54,,clothing & cleaning,source-total-or-aggregate,female,1807,,blank
54,,clothing & cleaning,source-total-or-aggregate,female,1849,41243,
54,,clothing & cleaning,source-total-or-aggregate,female,1859,39290,
54,,clothing & cleaning,source-total-or-aggregate,female,1889,43190,
54,,clothing & cleaning,source-total-or-aggregate,female,1899,55843,
54,,clothing & cleaning,source-total-or-aggregate,female,1909,69891,
55,,textile,source-total-or-aggregate,totalEmployment,1807,39516,
55,,textile,source-total-or-aggregate,totalEmployment,1849,44898,
55,,textile,source-total-or-aggregate,totalEmployment,1859,45545,
55,,textile,source-total-or-aggregate,totalEmployment,1889,44375,
55,,textile,source-total-or-aggregate,totalEmployment,1899,49198,
55,,textile,source-total-or-aggregate,totalEmployment,1909,60098,
55,,textile,source-total-or-aggregate,male,1807,,blank
55,,textile,source-total-or-aggregate,male,1849,32321,
55,,textile,source-total-or-aggregate,male,1859,33076,
55,,textile,source-total-or-aggregate,male,1889,33569,
55,,textile,source-total-or-aggregate,male,1899,34596,
55,,textile,source-total-or-aggregate,male,1909,40224,
55,,textile,source-total-or-aggregate,female,1807,,blank
55,,textile,source-total-or-aggregate,female,1849,12577,
55,,textile,source-total-or-aggregate,female,1859,12469,
55,,textile,source-total-or-aggregate,female,1889,10806,
55,,textile,source-total-or-aggregate,female,1899,14602,
55,,textile,source-total-or-aggregate,female,1909,19874,
56,,mining,source-total-or-aggregate,totalEmployment,1807,1810,
56,,mining,source-total-or-aggregate,totalEmployment,1849,2509,
56,,mining,source-total-or-aggregate,totalEmployment,1859,2258,
56,,mining,source-total-or-aggregate,totalEmployment,1889,15159,
56,,mining,source-total-or-aggregate,totalEmployment,1899,16462,
56,,mining,source-total-or-aggregate,totalEmployment,1909,23428,
56,,mining,source-total-or-aggregate,male,1807,,blank
56,,mining,source-total-or-aggregate,male,1849,2216,
56,,mining,source-total-or-aggregate,male,1859,2212,
56,,mining,source-total-or-aggregate,male,1889,13072,
56,,mining,source-total-or-aggregate,male,1899,14943,
56,,mining,source-total-or-aggregate,male,1909,20795,
56,,mining,source-total-or-aggregate,female,1807,,blank
56,,mining,source-total-or-aggregate,female,1849,293,
56,,mining,source-total-or-aggregate,female,1859,46,
56,,mining,source-total-or-aggregate,female,1889,2087,
56,,mining,source-total-or-aggregate,female,1899,1519,
56,,mining,source-total-or-aggregate,female,1909,2633,
57,,metal & shipbuilding,source-total-or-aggregate,totalEmployment,1807,12845,
57,,metal & shipbuilding,source-total-or-aggregate,totalEmployment,1849,44729,
57,,metal & shipbuilding,source-total-or-aggregate,totalEmployment,1859,49976,
57,,metal & shipbuilding,source-total-or-aggregate,totalEmployment,1889,67055,
57,,metal & shipbuilding,source-total-or-aggregate,totalEmployment,1899,89571,
57,,metal & shipbuilding,source-total-or-aggregate,totalEmployment,1909,117441,
57,,metal & shipbuilding,source-total-or-aggregate,male,1807,,blank
57,,metal & shipbuilding,source-total-or-aggregate,male,1849,44161,
57,,metal & shipbuilding,source-total-or-aggregate,male,1859,49515,
57,,metal & shipbuilding,source-total-or-aggregate,male,1889,66453,
57,,metal & shipbuilding,source-total-or-aggregate,male,1899,88335,
57,,metal & shipbuilding,source-total-or-aggregate,male,1909,114843,
57,,metal & shipbuilding,source-total-or-aggregate,female,1807,,blank
57,,metal & shipbuilding,source-total-or-aggregate,female,1849,568,
57,,metal & shipbuilding,source-total-or-aggregate,female,1859,461,
57,,metal & shipbuilding,source-total-or-aggregate,female,1889,602,
57,,metal & shipbuilding,source-total-or-aggregate,female,1899,1236,
57,,metal & shipbuilding,source-total-or-aggregate,female,1909,2598,
58,,food & stimulants,source-total-or-aggregate,totalEmployment,1807,27401,
58,,food & stimulants,source-total-or-aggregate,totalEmployment,1849,57684,
58,,food & stimulants,source-total-or-aggregate,totalEmployment,1859,62438,
58,,food & stimulants,source-total-or-aggregate,totalEmployment,1889,92761,
58,,food & stimulants,source-total-or-aggregate,totalEmployment,1899,117229,
58,,food & stimulants,source-total-or-aggregate,totalEmployment,1909,137556,
58,,food & stimulants,source-total-or-aggregate,male,1807,,blank
58,,food & stimulants,source-total-or-aggregate,male,1849,55421,
58,,food & stimulants,source-total-or-aggregate,male,1859,60756,
58,,food & stimulants,source-total-or-aggregate,male,1889,89393,
58,,food & stimulants,source-total-or-aggregate,male,1899,112115,
58,,food & stimulants,source-total-or-aggregate,male,1909,130274,
58,,food & stimulants,source-total-or-aggregate,female,1807,,blank
58,,food & stimulants,source-total-or-aggregate,female,1849,2263,
58,,food & stimulants,source-total-or-aggregate,female,1859,1682,
58,,food & stimulants,source-total-or-aggregate,female,1889,3368,
58,,food & stimulants,source-total-or-aggregate,female,1899,5114,
58,,food & stimulants,source-total-or-aggregate,female,1909,7282,
59,,other,source-total-or-aggregate,totalEmployment,1807,53069,
59,,other,source-total-or-aggregate,totalEmployment,1849,85867,
59,,other,source-total-or-aggregate,totalEmployment,1859,92687,
59,,other,source-total-or-aggregate,totalEmployment,1889,127481,
59,,other,source-total-or-aggregate,totalEmployment,1899,146546,
59,,other,source-total-or-aggregate,totalEmployment,1909,178481,
59,,other,source-total-or-aggregate,male,1807,,blank
59,,other,source-total-or-aggregate,male,1849,82850,
59,,other,source-total-or-aggregate,male,1859,89335,
59,,other,source-total-or-aggregate,male,1889,122187,
59,,other,source-total-or-aggregate,male,1899,138174,
59,,other,source-total-or-aggregate,male,1909,166927,
59,,other,source-total-or-aggregate,female,1807,,blank
59,,other,source-total-or-aggregate,female,1849,3017,
59,,other,source-total-or-aggregate,female,1859,3352,
59,,other,source-total-or-aggregate,female,1889,5294,
59,,other,source-total-or-aggregate,female,1899,8372,
59,,other,source-total-or-aggregate,female,1909,11554,
61,,Services,source-total-or-aggregate,totalEmployment,1807,267644,
61,,Services,source-total-or-aggregate,totalEmployment,1849,360855,
61,,Services,source-total-or-aggregate,totalEmployment,1859,375301,
61,,Services,source-total-or-aggregate,totalEmployment,1889,553776,
61,,Services,source-total-or-aggregate,totalEmployment,1899,665487,
61,,Services,source-total-or-aggregate,totalEmployment,1909,814840,
61,,Services,source-total-or-aggregate,male,1807,,blank
61,,Services,source-total-or-aggregate,male,1849,228468,
61,,Services,source-total-or-aggregate,male,1859,246304,
61,,Services,source-total-or-aggregate,male,1889,341237,
61,,Services,source-total-or-aggregate,male,1899,401080,
61,,Services,source-total-or-aggregate,male,1909,502464,
61,,Services,source-total-or-aggregate,female,1807,,blank
61,,Services,source-total-or-aggregate,female,1849,132387,
61,,Services,source-total-or-aggregate,female,1859,128997,
61,,Services,source-total-or-aggregate,female,1889,212539,
61,,Services,source-total-or-aggregate,female,1899,264407,
61,,Services,source-total-or-aggregate,female,1909,312376,
62,,distributive,source-total-or-aggregate,totalEmployment,1807,101350,
62,,distributive,source-total-or-aggregate,totalEmployment,1849,164348,
62,,distributive,source-total-or-aggregate,totalEmployment,1859,175327,
62,,distributive,source-total-or-aggregate,totalEmployment,1889,243592,
62,,distributive,source-total-or-aggregate,totalEmployment,1899,304539,
62,,distributive,source-total-or-aggregate,totalEmployment,1909,381962,
62,,distributive,source-total-or-aggregate,male,1807,,blank
62,,distributive,source-total-or-aggregate,male,1849,141860,
62,,distributive,source-total-or-aggregate,male,1859,154107,
62,,distributive,source-total-or-aggregate,male,1889,211276,
62,,distributive,source-total-or-aggregate,male,1899,262733,
62,,distributive,source-total-or-aggregate,male,1909,331802,
62,,distributive,source-total-or-aggregate,female,1807,,blank
62,,distributive,source-total-or-aggregate,female,1849,22488,
62,,distributive,source-total-or-aggregate,female,1859,21220,
62,,distributive,source-total-or-aggregate,female,1889,32316,
62,,distributive,source-total-or-aggregate,female,1899,41806,
62,,distributive,source-total-or-aggregate,female,1909,50160,
63,,producer,source-total-or-aggregate,totalEmployment,1807,3883,
63,,producer,source-total-or-aggregate,totalEmployment,1849,7517,
63,,producer,source-total-or-aggregate,totalEmployment,1859,7264,
63,,producer,source-total-or-aggregate,totalEmployment,1889,18129,
63,,producer,source-total-or-aggregate,totalEmployment,1899,21136,
63,,producer,source-total-or-aggregate,totalEmployment,1909,34487,
63,,producer,source-total-or-aggregate,male,1807,,blank
63,,producer,source-total-or-aggregate,male,1849,7025,
63,,producer,source-total-or-aggregate,male,1859,7037,
63,,producer,source-total-or-aggregate,male,1889,16499,
63,,producer,source-total-or-aggregate,male,1899,20248,
63,,producer,source-total-or-aggregate,male,1909,32141,
63,,producer,source-total-or-aggregate,female,1807,,blank
63,,producer,source-total-or-aggregate,female,1849,492,
63,,producer,source-total-or-aggregate,female,1859,227,
63,,producer,source-total-or-aggregate,female,1889,1630,
63,,producer,source-total-or-aggregate,female,1899,888,
63,,producer,source-total-or-aggregate,female,1909,2346,
64,,social,source-total-or-aggregate,totalEmployment,1807,45863,
64,,social,source-total-or-aggregate,totalEmployment,1849,61393,
64,,social,source-total-or-aggregate,totalEmployment,1859,66256,
64,,social,source-total-or-aggregate,totalEmployment,1889,104044,
64,,social,source-total-or-aggregate,totalEmployment,1899,117587,
64,,social,source-total-or-aggregate,totalEmployment,1909,152411,
64,,social,source-total-or-aggregate,male,1807,,blank
64,,social,source-total-or-aggregate,male,1849,57688,
64,,social,source-total-or-aggregate,male,1859,62567,
64,,social,source-total-or-aggregate,male,1889,87359,
64,,social,source-total-or-aggregate,male,1899,92868,
64,,social,source-total-or-aggregate,male,1909,110020,
64,,social,source-total-or-aggregate,female,1807,,blank
64,,social,source-total-or-aggregate,female,1849,3705,
64,,social,source-total-or-aggregate,female,1859,3689,
64,,social,source-total-or-aggregate,female,1889,16685,
64,,social,source-total-or-aggregate,female,1899,24719,
64,,social,source-total-or-aggregate,female,1909,42391,
65,,private,source-total-or-aggregate,totalEmployment,1807,116548,
65,,private,source-total-or-aggregate,totalEmployment,1849,127597,
65,,private,source-total-or-aggregate,totalEmployment,1859,126454,
65,,private,source-total-or-aggregate,totalEmployment,1889,188011,
65,,private,source-total-or-aggregate,totalEmployment,1899,222225,
65,,private,source-total-or-aggregate,totalEmployment,1909,245980,
65,,private,source-total-or-aggregate,male,1807,,blank
65,,private,source-total-or-aggregate,male,1849,21895,
65,,private,source-total-or-aggregate,male,1859,22593,
65,,private,source-total-or-aggregate,male,1889,26103,
65,,private,source-total-or-aggregate,male,1899,25231,
65,,private,source-total-or-aggregate,male,1909,28501,
65,,private,source-total-or-aggregate,female,1807,,blank
65,,private,source-total-or-aggregate,female,1849,105702,
65,,private,source-total-or-aggregate,female,1859,103861,
65,,private,source-total-or-aggregate,female,1889,161908,
65,,private,source-total-or-aggregate,female,1899,196994,
65,,private,source-total-or-aggregate,female,1909,217479,
67,,Total,source-total-or-aggregate,totalEmployment,1807,869867,
67,,Total,source-total-or-aggregate,totalEmployment,1849,1256207,
67,,Total,source-total-or-aggregate,totalEmployment,1859,1326911,
67,,Total,source-total-or-aggregate,totalEmployment,1889,1735034,
67,,Total,source-total-or-aggregate,totalEmployment,1899,1999272,
67,,Total,source-total-or-aggregate,totalEmployment,1909,2303585,
67,,Total,source-total-or-aggregate,male,1807,,blank
67,,Total,source-total-or-aggregate,male,1849,891039,
67,,Total,source-total-or-aggregate,male,1859,965509,
67,,Total,source-total-or-aggregate,male,1889,1286913,
67,,Total,source-total-or-aggregate,male,1899,1474293,
67,,Total,source-total-or-aggregate,male,1909,1700698,
67,,Total,source-total-or-aggregate,female,1807,,blank
67,,Total,source-total-or-aggregate,female,1849,365168,
67,,Total,source-total-or-aggregate,female,1859,361402,
67,,Total,source-total-or-aggregate,female,1889,448121,
67,,Total,source-total-or-aggregate,female,1899,524979,
67,,Total,source-total-or-aggregate,female,1909,602887,
