"year","boe_total_assets_gbp_mn","boe_government_debt_gbp_mn","boe_other_government_securities_gbp_mn","boe_other_securities_gbp_mn","boe_discounts_advances_gbp_mn","boe_bullion_gbp_mn","boe_notes_gbp_mn","boe_deposits_gbp_mn","boe_bankers_deposits_gbp_mn","monetary_base_gbp_mn","bankers_balances_gbp_mn","broad_money_estimate_gbp_mn","joint_stock_bank_net_liabilities_gbp_mn","all_bank_net_liabilities_gbp_mn","m3_estimate_gbp_mn"
"1790","28.873393","11.6868","6.016979","1.725742",,"8.688872","9.342717","3.734143",,"28.2186681613048",,"56",,,"56"
"1791","30.944335","11.6868","8.541192","1.929449",,"7.963894","10.739207","4.371425",,"30.5496453783537",,"56.4560603098823",,,"56.4560603098823"
"1792","29.626042","11.6868","7.900687","2.867435",,"6.52612","10.545356","3.325388",,"34.3770191022373",,"63.1042852038982",,,"63.1042852038982"
"1793","30.605179","11.6868","7.677493","6.168938",,"4.091948","11.238779","3.313296",,"32.3085517002407",,"61.6468570000775",,,"61.6468570000775"
"1794","29.530932","11.6868","5.246448","4.621098",,"7.079586","10.130159","3.371677",,"34.4212716235134",,"60.2204386465413",,,"60.2204386465413"
"1795","33.820866","11.6868","11.327186","3.568634",,"6.180246","13.451356","4.154422",,"39.4310962214664",,"75.0644903262215",,,"75.0644903262215"
"1796","30.224765","11.6868","10.549256","4.188991",,"2.558718","10.073709","3.364246",,"41.4270037732553",,"79.0660844256364",,,"79.0660844256364"
"1797","28.884074","11.6868","9.986542","5.144199",,"1.108533","9.187884","3.251281",,"39.9741384451774",,"78.6812455484388",,,"78.6812455484388"
"1798","33.243615","11.6868","8.513378","5.564154",,"5.831283","12.541854","3.473661",,"40.5840422685748",,"81.9376882903529",,,"81.9376882903529"
"1799","34.765217","11.6868","8.161517","5.594192",,"7.563708","12.351152","4.892703",,"45.517735028508",,"90.3332815769292",,,"90.3332815769292"
"1800","38.823594","11.6868","11.092185","7.490361",,"6.144248","16.122102","4.265575",,"47.9113272390914",,"105.961635526501",,,"105.961635526501"
"1801","42.441837","11.6868","13.472068","9.886381",,"4.640122","15.263595","7.723957",,"49.4237365674367",,"114.027941674465",,,"114.027941674465"
"1802","37.725326","11.6868","11.565984","7.77665",,"4.152957","14.381794","4.285423",,"50.3064472695335",,"95.9775977562104",,,"95.9775977562104"
"1803","38.060027","11.6868","6.082924","14.505548",,"3.776755","14.499651","4.768203",,"53.0580662592359",,"93.5417113124849",,,"93.5417113124849"
"1804","40.559504","11.6868","10.636319","12.311339",,"3.386046","16.23753","4.683822",,"52.029527036658",,"99.4248526872416",,,"99.4248526872416"
"1805","45.003024","11.6868","13.740648","11.784778",,"5.883798","16.856156","8.992049",,"52.0901030690604",,"109.363710298993",,,"109.363710298993"
"1806","42.07298","11.6868","10.509024","11.947066",,"5.98809","17.011486","5.891103",,"51.6839998558023",,"110.416105893213",,,"110.416105893213"
"1807","41.917426","11.6868","8.139436","13.945995",,"6.142843","16.224663","6.550689",,"50.7180218748923",,"119.815867155324",,,"119.815867155324"
"1808","44.202886","11.6868","8.774513","13.229453",,"7.85572","15.717115","8.376492",,"55.6945314098718",,"116.333619105519",,,"116.333619105519"
"1809","43.155535","11.6868","10.340345","14.335231",,"4.492933","17.623204","5.588954",,"59.9189528123528",,"129.825331807562",,,"129.825331807562"
"1810","50.659376","11.6868","7.795929","21.015251",,"3.501412","20.120486","5.934314",,"64.3249687262502",,"145.014348341974",,,"145.014348341974"
"1811","56.430733","11.6868","12.54289","19.881067",,"3.350945","22.230049","6.791658",,"64.3442315815709",,"139.069237154969",,,"139.069237154969"
"1812","58.510028","11.6868","17.709503","15.861391",,"2.983191","22.35816","7.184199",,"65.2798013351796",,"142.788722038309",,,"142.788722038309"
"1813","57.212781","11.6868","20.744342","12.82921",,"2.919501","22.186162","6.990179",,"67.2860189029006",,"154.929960926759",,,"154.929960926759"
"1814","60.427802","11.6868","18.957351","18.239965",,"2.293637","23.707693","7.796467",,"72.364060710684",,"146.569994242022",,,"146.569994242022"
"1815","64.779075","11.6868","23.071314","16.99189",,"2.052815","26.091322","7.267252",,"68.9953487095086",,"152.434974067742",,,"152.434974067742"
"1816","65.49272","11.6868","14.847087","24.188823",,"4.668884","25.69623","8.095889",,"67.5152830915141",,"136.0551904998",,,"136.0551904998"
"1817","82.515705","14.6868","21.302791","8.604341",,"9.686671","26.017722","6.593604",,"71.057158916706",,"143.609462942342",,,"143.609462942342"
"1818","64.384851","14.6868","24.423359","3.858174",,"10.055469","25.933446","5.50755",,"71.2928276619254",,"149.511693412213",,,"149.511693412213"
"1819","59.05447","14.6868","20.08799","8.971217",,"4.184628","23.518943","4.151378",,"67.6161106630716",,"139.183262435357",,,"139.183262435357"
"1820","54.957197","14.6868","20.96599","4.289502",,"4.963258","22.082909","3.347555",,"66.5826454252887",,"141.529208274366",,,"141.529208274366"
"1821","57.086079","14.6868","16.01099","4.509738",,"12.01165","22.281707","5.622896",,"62.9148034594848",,"134.701193282708",,,"134.701193282708"
"1822","51.31642","14.6868","12.4769","3.292394",,"11.127141","17.068145","4.689941",,"65.9020373273713",,"128.501549982148",,,"128.501549982148"
"1823","52.898145","14.6868","13.65883","4.430115",,"10.48122","16.655795","7.181098",,"65.2598597544758",,"136.687222349572",,,"136.687222349572"
"1824","54.600395","14.6868","14.341128","4.347585",,"13.859552","17.567496","10.097851",,"66.487746402188",,"149.123720128382",,,"149.123720128382"
"1825","55.645776","14.6868","19.447588","5.369943",,"8.7791","18.435881","10.168784",,"76.3652089908423",,"169.050220655372",,,"169.050220655372"
"1826","60.36249","14.6868","20.573258","12.088464",,"2.582573","22.996897","6.935943",,"67.1784974806947",,"147.049458911717",,,"147.049458911717"
"1827","65.132721","14.6868","18.685015","4.705399",,"10.16447","19.83857","8.80166",,"69.5468706860233",,"154.974458859912",,,"154.974458859912"
"1828","67.043792","14.6868","19.818028","3.663435",,"10.35699","19.64625","9.19814",,"71.4616104597039","1.093","155.05463144274",,,"155.05463144274"
"1829","64.675414","14.6868","19.736665","5.548732",,"6.855439","17.39715","9.553954",,"68.6460498950901","0.872","150.563542422189",,,"150.563542422189"
"1830","69.897336","14.6868","20.03889","3.998461",,"9.22198","17.75729","10.76301",,"72.9681269694713","1.19","158.346206503712",,,"158.346206503712"
"1831","70.220041","14.6868","19.927574","5.147606",,"8.217056","17.862198","11.213529",,"71.4856362669294","0.722","156.108786408133",,,"156.108786408133"
"1832","70.356983","14.6868","18.49745","5.688543",,"5.306848","16.400618","8.937171",,"68.9415533882894","0.906","164.526650421451",,,"164.526650421451"
"1833","75.513346","14.6868","19.373574","5.317163",,"9.50027","17.726088","12.395443",,"71.9661287031228","0.946","159.343868670027",,,"159.343868670027"
"1834","74.079419","14.6868","18.1238","8.391071",,"8.537393","17.688316","13.356394",,"71.3281391761568","0.773","169.391357254306",,,"169.391357254306"
"1835","73.712767","11.0151","21.308405","7.87067",,"6.259444","16.826704","10.823023",,"69.4357490883917","0.708","181.370346335446",,,"181.370346335446"
"1836","76.006493","11.0151","19.647299","11.225156",,"7.888707","16.848027","14.322538",,"71.8785153181026","0.645","202.607280196648",,,"202.607280196648"
"1837","73.670386","11.0151","16.180761","15.056353",,"4.089606","17.128582","10.593808",,"68.3437586053151","0.642","199.870257139084",,,"199.870257139084"
"1838","78.38491","11.0151","17.137396","8.50122",,"10.524522","17.69207","11.022124",,"69.2737272780277","0.703","210.093397751539",,,"210.093397751539"
"1839","76.075277","11.0151","17.088441","8.567623",,"6.832372","17.052918","8.153389",,"68.514541136982","0.676","216.323677806013",,,"216.323677806013"
"1840","71.930354","11.0151","17.325586","9.045136",,"4.395509","15.720413","7.80132",,"67.7702454608512","0.679","214.314421437666",,,"214.314421437666"
"1841","74.582384","11.0151","17.032742","8.18454",,"4.464649","15.533268","6.930298",,"67.1863105445339","0.579","205.903512496059",,,"205.903512496059"
"1842","76.547247","11.0151","17.301353","8.264236",,"6.360727","16.161607","8.556744",,"67.6727661028623","1.048","191.821730016157",,,"191.821730016157"
"1843","82.766332","11.0151","20.516292","6.15598",,"11.149789","19.297029","11.262564",,"68.1894170263127","1.121","195.180296714311",,,"195.180296714311"
"1844","82.918536","11.0151","18.34842","5.837936",,"16.213951","20.108508","12.529165",,"71.9832789331104","0.973","211.343192467241","46.4",,"211.343192467241"
"1845","62.649391","11.0151","16.507279","10.784494","5.341","15.453303","19.790305","15.179555","1.076","83.0505642107023","1.397","229.463668420036","43.9",,"231.953731877722"
"1846","71.14876","11.0151","16.12134","23.242035","17.279","13.7758","20.02081","24.943603","1.949","82.6238253745819","1.232","231.556256026252","44.9","97.8","237.03254955666"
"1847","59.870856","11.0151","14.974979","15.819148","9.778","12.044934","19.333125","15.250182","1.288","76.6592035886288","1.43","249.802507164368","36.8","99.3","202.866056994644"
"1848","63.191162","11.0151","14.559821","12.933241","7.03","14.760815","18.179755","15.9679","2.25","71.9719189297659","1.433","230.542294742761","36.9","101","198.982465844052"
"1849","63.548951","11.0151","17.059083","9.872296","3.742","15.329532","18.132445","15.958671","1.929","70.2428555050167","1.541","230.75874267559","45.6","103.3","231.377519856807"
"1850","66.647024","11.0151","17.384268","9.687835","2.963","17.122221","18.888555","17.388066","1.526","73.448283187291","1.1","215.710928863914","49.5","113.2","246.957850652824"
"1851","63.765926","11.0151","17.130596","12.135618","5.022","14.435537","18.71301","17.114533","1.651","73.3170009832776","1.637","217.343771507071","50.7","121.6","249.544576238006"
"1852","70.392661","11.0151","16.542999","11.386983","3.491","19.238924","20.52347","18.381558","2.887","82.8454971605351","1.84","236.254677277094","59.4","129.4","291.207317231165"
"1853","70.268142","11.0151","16.473753","14.926214","6.834","18.190805","21.99005","19.459672","1.908","92.7624072541806","2.259","272.923869512139","59","138.7","294.278712926063"
"1854","63.107266","11.0151","14.742604","13.247442","5.217","16.286165","21.699505","14.552919","2.82","97.3001300568562","2.86","310.267191984935","62","148.8","303.519300382158"
"1855","60.406783","11.0151","14.52444","14.522432","6.298","13.044626","19.06187","15.304637","2.349","106.86859490301","2.765","302.982292710392","71.3","155.2","333.595480684495"
"1856","62.030385","11.0151","15.405906","19.185177","10.94","10.575392","18.54152","18.903915","4.593","109.772738424749","2.985","327.410385741374","78.9","161.9","360.727624762973"
"1857","61.529857","11.0151","15.033789","19.620343","10.698","10.343715","18.59673","18.3998","3.024","105.408830819398","6.373","322.741037102063","87.5","168.5","382.943382223829"
"1858","71.010194","11.0151","13.366305","17.164143","6.794","17.623251","19.453515","20.599473","6.562","105.102283043478","3.324","295.304924844953","77.2","172.1","343.305810577028"
"1859","74.607283","11.0151","14.156047","16.256758","4.499","19.952548","20.338485","22.436956","4.45","109.846961240803","3.174","330.177787087627","82.8","177","363.467402065897"
"1860","69.289441","11.0151","13.63109","21.16484","9.59","15.171021","20.64531","21.401325","4.002","111.724516658863","3.734","349.124715608752","85.1","181.8","371.322813345063"
"1861","62.35109","11.0151","12.230676","20.569958","9.131","12.208721","19.51811","17.930651","4.051","106.553276486908","3.779","353.988641188496","94.9","196.6","389.418704621915"
"1862","68.779467","11.0151","14.845441","17.717421","6.686","15.749065","20.04764","20.702591","4.924","108.931181780989","4.546","348.74103222896","99.8","215.9","391.069967874847"
"1863","68.12933","11.0151","14.677979","18.569","8.084","14.614096","19.117055","21.268811","4.352","110.627459643946","4.879","417.45875111155","135.6","228.2","483.482358964121"
"1864","66.905404","11.0151","14.809484","19.233243","9.232","13.819412","19.674915","20.580274","4.176","112.08500092107","4.928","454.279130396336","163.2","244.2","549.610440242173"
"1865","67.817389","11.0151","14.658111","18.79028","9.146","14.600233","19.65952","20.806249","5.384","115.778286497997","4.9","444.984001253624","150.5","256.1","503.121612355382"
"1866","65.039279","11.0151","13.900383","18.812117","9.247","13.966574","20.7681","18.191094","4.512","114.838472386775","6.589","463.84784530487","170","254.5","552.106788683651"
"1867","76.577649","11.0151","17.095968","18.045819","7.839","19.390312","22.375835","24.58198","6.129","114.249920635919","6.191","460.170855720743","155.8","254","509.161720358606"
"1868","77.828023","11.0151","17.252979","16.205515","5.449","21.349789","23.11785","24.275109","6.778","119.415336842809","6.956","478.678008034374","148.6","256.5","489.036584692881"
"1869","73.044064","11.0151","18.061437","16.308037","6.688","18.271215","22.79528","22.500047","5.819","119.029596458194","6.036","502.234798257507","171","259.6","553.304829665836"
"1870","78.868022","11.0151","17.816214","18.503247","10.076","19.889996","22.283485","26.569807","5.943","124.424146","5.98","547.266821318713","160","273.3","519.310555287633"
"1871","83.0559","11.0151","16.899911","20.261146","11.574","21.861793","23.08305","28.318972","7.054","134.334767","7.115",,"181.2","294.1",
"1872","87.310537","11.0151","17.980344","21.191417","10.84","23.651316","24.38125","31.138352","7.902","135.007877","6.4",,"210.1","311.9",
"1873","90.346661","11.0151","17.367203","21.962601","11.362","25.224687","24.53269","32.621254","7.563","139.966955","9.968",,"223.1","336.1",
"1874","81.970124","11.0151","17.881507","17.682576","6.231","22.967936","24.81779","26.362488","7.479","139.279218","8.917",,"235.6","359.6",
"1875","77.673919","11.0151","17.588684","18.185042","6.786","21.064688","25.377365","24.235412","8.114","142.695914","9.459",,"248.7","391.2",
"1876","82.407581","11.0151","17.870814","19.461497","7.594","23.06258","26.196835","26.98883","7.806","139.626489","9.42",,"275.5","400.8",
"1877","90.81259","11.0151","20.011076","19.071302","5.559","26.921427","27.216605","31.254702","9.223","135.93254","8.695",,"263.6","395",
"1878","86.736416","11.0151","19.166513","20.316467","6.477","24.447346","26.529445","30.21601","10.605","144.42917","12.18",,"281.8","391",
"1879","101.085364","11.0151","18.673428","22.766474","9.952","32.140932","29.384465","36.796386","12.159","138.936747","13.861",,"232",,
"1880","94.069743","11.0151","20.467893","18.423968","5.682","28.383282","26.30541","33.808763","10.515","131.452216","10.233",,"248.7",,
"1881","94.315496","11.0151","18.816708","20.68128","7.204","27.678783","25.25915","34.770621","9.487","134.625214","10.779",,,,
"1882","86.075781","11.0151","17.865243","24.651558","9.032","21.20022","24.53266","31.980273","10.012","134.898315","9.139",,,,
"1883","89.011208","11.0151","17.118272","24.563519","8.442","23.142567","24.835615","32.509795","9.478","130.431268","9.288",,,,
"1884","89.54207","11.0151","18.187963","24.812634","9.447","22.495913","24.1806","34.27012","9.636","132.665941","10.736",,,,
"1885","92.162662","11.0151","18.786701","22.749458","6.685","24.218333","23.41884","35.18846","9.631","130.730778","10.994",,,,
"1886","86.623619","11.0151","18.504585","19.952744","3.961","22.99167","23.44156","30.860428","9.902","131.358089","11.272",,,,
"1887","86.496617","11.0151","17.864682","20.347222","5.431","23.076843","23.245785","30.90283","10.361","126.155341","10.462",,,,
"1888","90.877197","11.0151","21.430132","21.415943","6.144","22.770757","23.18367","34.975887","10.373","128.717836","10.071",,,,
"1889","89.052942","11.0151","19.684761","22.782259","9.292","21.727822","23.042465","33.964484","9.932","130.9102","9.417",,,,
"1890","92.441807","11.0151","19.198494","22.970519","11.907","23.436464","23.06986","35.346915","10.828","141.621489","15.283",,,,
"1891","98.501643","11.0151","17.870131","31.191298","21.178","23.313544","23.6153","41.497851","13.069","143.379243","15.339",,,,
"1892","96.040841","11.0151","15.941097","28.759815","19.649","24.860314","24.590555","37.780781","13.701","144.727408","14.311",,,,
"1893","97.377102","11.0151","16.662152","25.023336","15.181","27.237504","24.51149","37.181461","14.402","144.018382","13.955",,,,
"1894","102.396251","11.0151","14.723483","26.525879","17.677","30.030524","24.3084","39.604585","15.195","142.235943","15.014",,,,
"1895","111.535229","11.0151","18.263388","18.774603","9.668","37.084603","24.794165","42.251492","15.924","152.565561","16.21",,,,
"1896","146.035039","11.0151","20.354228","27.061603","10.872","49.116013","24.919335","64.522966","17.295","156.303794","19.048",,,,
"1897","128.069694","11.0151","20.873758","29.401361","12.759","39.02927","25.56394","56.517099","16.161","160.597688","19.531",,,,
"1898","121.895471","11.0151","19.779465","35.046076","17.626","34.037215","26.353465","55.357283","18.164","160.941756","19.551",,,,
"1899","120.392937","11.0151","19.218074","33.583887","16.867","34.062851","26.225355","53.45488","19.27","179.570592","24.445",,,,
"1900","125.031544","11.0151","23.838325","31.617338","15.328","35.972051","28.437985","55.550312","23.05","174.734543","19.819",,,,
"1901","124.46528","11.0151","18.87428","35.438975","20.989","35.858945","28.603125","54.291558","24.405","178.657889","21.131",,,,
